desc: I1 cache:         16384 B, 64 B, 4-way associative
desc: D1 cache:         16384 B, 64 B, 4-way associative
desc: LL cache:         262144 B, 64 B, 8-way associative
cmd: ./csc_full_conversion testimages/input_640x480.ppm testimages/output_640x480.ppm --iters 1 --label neon_large --metrics /dev/null
events: Ir I1mr ILmr Dr D1mr DLmr Dw D1mw DLmw 
fl=./csu/../sysdeps/nptl/libc_start_call_main.h
fn=(below main)
29 14 1 1 5 1 0 5 0 0
44 2 0 0 0 0 0 0 0 0
46 1 0 0 0 0 0 0 0 0
48 1 0 0 0 0 0 0 0 0
51 7 0 0 2 1 0 2 0 0
55 2 0 0 0 0 0 1 0 0
58 7 0 0 7 0 0 0 0 0
74 1 1 1 0 0 0 0 0 0
fn=???
29 1 1 1 0 0 0 1 0 0
fl=./csu/../sysdeps/unix/sysv/linux/arm/libc-do-syscall.S
fn=???
40 482 5 3 0 0 0 964 4 4
fn=__libc_do_syscall
45 482 0 0 0 0 0 0 0 0
46 482 0 0 0 0 0 0 0 0
47 481 0 0 962 0 0 0 0 0
fl=./csu/init-first.c
fn=_init_first
46 6 0 0 1 0 0 4 0 0
51 3 0 0 1 0 0 0 0 0
55 8 0 0 6 1 0 0 0 0
61 2 0 0 1 0 0 0 0 0
62 1 0 0 0 0 0 2 0 0
63 3 0 0 2 1 0 1 1 1
71 3 0 0 0 0 0 0 0 0
72 2 0 0 4 0 0 0 0 0
fn=svctcp_rendezvous_abort
51 1 1 1 1 1 1 0 0 0
fl=./csu/libc-start.c
fn=(below main)
242 1 1 1 0 0 0 9 0 0
fn=__libc_start_main@@GLIBC_2.34
128 3 1 1 3 0 0 0 0 0
134 2 0 0 1 0 0 0 0 0
135 8 0 0 3 1 0 1 0 0
138 1 0 0 1 0 0 0 0 0
139 2 0 0 0 0 0 0 0 0
141 1 1 1 1 0 0 0 0 0
142 1 0 0 1 0 0 0 0 0
143 3 0 0 2 0 0 0 0 0
144 9 0 0 1 0 0 1 0 0
145 5 0 0 1 0 0 0 0 0
242 8 1 1 2 1 1 0 0 0
311 2 0 0 0 0 0 0 0 0
312 4 0 0 0 0 0 0 0 0
337 5 0 0 3 0 0 0 0 0
340 1 0 0 0 0 0 0 0 0
343 3 0 0 3 0 0 0 0 0
350 2 0 0 1 0 0 0 0 0
352 2 0 0 0 0 0 0 0 0
360 4 0 0 0 0 0 0 0 0
fl=./ctype/ctype-info.c
fn=__ctype_init
39 12 1 0 6 5 0 1 0 0
41 2 0 0 1 0 0 0 0 0
42 1 0 0 0 0 0 2 0 0
43 2 0 0 1 0 0 0 0 0
44 1 0 0 0 0 0 0 0 0
fn=__ctype_tolower_loc
39 1 1 1 1 1 1 0 0 0
fl=./elf/../include/list.h
fn=__tls_init_tp
43 3 0 0 1 0 0 1 0 0
44 2 0 0 0 0 0 1 0 0
45 1 0 0 0 0 0 1 0 0
46 1 0 0 0 0 0 0 0 0
47 1 0 0 0 0 0 1 0 0
fn=__tls_pre_init_tp
43 1 1 0 1 1 1 0 0 0
fl=./elf/../include/rtld-malloc.h
fn=__minimal_calloc
56 40 0 0 16 1 0 0 0 0
fn=_dl_allocate_tls_storage
56 5 0 0 2 0 0 0 0 0
fn=_dl_check_map_versions
44 21 1 1 6 1 1 3 0 0
fn=_dl_find_object_init
56 6 0 0 2 1 0 0 0 0
fn=_dl_important_hwcaps
56 12 1 1 4 0 0 2 0 0
fn=_dl_init_paths
56 13 0 0 5 0 0 0 0 0
fn=_dl_map_object_deps
56 15 1 1 6 0 0 0 0 0
fn=_dl_new_object
44 15 2 1 6 1 0 0 0 0
56 10 0 0 6 0 0 0 0 0
fn=allocate_dtv
44 6 0 0 2 0 0 0 0 0
fn=fillin_rpath.isra.0
50 6 0 0 2 1 1 0 0 0
51 1 0 0 0 0 0 0 0 0
56 6 0 0 3 0 0 0 0 0
fn=init_tls
44 8 0 0 2 0 0 0 0 0
fl=./elf/../include/scratch_buffer.h
fn=_dl_map_object_deps
77 3 0 0 0 0 0 1 0 0
78 7 1 1 0 0 0 6 0 0
85 3 2 2 1 0 0 0 0 0
131 6 0 0 2 0 0 0 0 0
fl=./elf/../misc/sbrk.c
fn=__alloc_dir
37 1 1 1 0 0 0 4 0 0
fn=sbrk
37 1 0 0 0 0 0 0 0 0
40 3 0 0 2 1 1 0 0 0
58 1 0 0 0 0 0 0 0 0
62 2 1 1 0 0 0 0 0 0
78 2 0 0 4 0 0 0 0 0
fl=./elf/../nptl/nptl-stack.h
fn=__libc_early_init
61 6 1 1 2 1 0 0 0 0
fl=./elf/../sysdeps/arm/dl-irel.h
fn=_dl_fixup
33 4 1 1 2 1 1 0 0 0
fn=_dl_start
33 3 0 0 1 0 0 1 0 0
fl=./elf/../sysdeps/arm/dl-machine.h
fn=_dl_fixup
212 16 0 0 0 0 0 16 0 0
fn=_dl_relocate_object_no_relro
69 28 1 1 4 0 0 0 0 0
76 12 0 0 4 1 0 0 0 0
80 4 0 0 2 2 1 0 0 0
81 0 0 0 0 0 0 0 0 0
82 2 0 0 0 0 0 2 0 0
92 4 0 0 0 0 0 0 0 0
106 8 1 1 4 2 1 2 0 0
297 117 0 0 0 0 0 0 0 0
300 234 0 0 0 0 0 0 0 0
303 234 0 0 0 0 0 0 0 0
312 1006 1 1 330 0 0 0 0 0
315 203 0 0 95 0 0 0 0 0
316 880 0 0 0 0 0 0 0 0
320 733 3 3 115 4 2 0 0 0
354 42 2 2 12 0 0 16 0 0
363 8 0 0 8 2 0 0 0 0
364 8 0 0 0 0 0 0 0 0
365 8 0 0 0 0 0 8 0 0
398 15 1 1 0 0 0 0 0 0
420 6 0 0 0 0 0 6 0 0
424 45 1 1 15 0 0 0 0 0
426 60 0 0 15 0 0 0 0 0
427 193 0 0 45 1 1 103 4 1
431 6 0 0 4 1 0 0 0 0
432 4 0 0 2 0 0 0 0 0
433 21 1 1 8 1 0 5 0 0
451 3288 0 0 1096 115 111 1096 0 0
461 58 1 1 58 3 3 0 0 0
462 29 0 0 0 0 0 0 0 0
464 58 0 0 0 0 0 0 0 0
466 87 0 0 29 0 0 0 0 0
467 87 0 0 29 0 0 29 0 0
fn=_dl_start
48 2 0 0 1 0 0 0 0 0
254 4 0 0 1 0 0 2 0 0
297 2 0 0 0 0 0 0 0 0
312 33 1 1 11 2 2 1 0 0
316 16 0 0 0 0 0 0 0 0
320 8 0 0 2 1 0 0 0 0
344 8 1 1 2 0 0 0 0 0
348 2 0 0 0 0 0 2 0 0
451 54 0 0 18 3 3 18 0 0
fn=_dl_sysdep_start
201 4 0 0 2 1 1 0 0 0
fl=./elf/../sysdeps/arm/dl-trampoline.S
fn=_dl_runtime_resolve
40 16 1 0 0 0 0 80 1 1
48 16 0 0 16 0 0 0 0 0
52 16 0 0 0 0 0 0 0 0
53 16 0 0 0 0 0 0 0 0
54 16 0 0 0 0 0 0 0 0
57 16 0 0 0 0 0 0 0 0
60 16 0 0 0 0 0 0 0 0
64 16 0 0 96 0 0 0 0 0
68 16 0 0 0 0 0 0 0 0
fl=./elf/../sysdeps/generic/dl-cache.h
fn=_dl_load_cache_lookup
194 1 0 0 1 0 0 0 0 0
195 4 0 0 0 0 0 0 0 0
fn=search_cache
125 2 0 0 2 0 0 1 0 0
fl=./elf/../sysdeps/generic/dl-call_tls_init_tp.h
fn=init_tls
31 5 0 0 0 0 0 0 0 0
33 1 0 0 0 0 0 0 0 0
fl=./elf/../sysdeps/generic/dl-debug.h
fn=dl_main
29 2 0 0 1 0 0 0 0 0
30 2 0 0 1 0 0 1 0 0
fl=./elf/../sysdeps/generic/dl-hash.h
fn=__rtld_malloc_init_real
43 2 0 0 0 0 0 0 0 0
44 1 0 0 0 0 0 0 0 0
45 13 0 0 4 0 0 0 0 0
48 4 0 0 0 0 0 0 0 0
62 12 1 1 0 0 0 0 0 0
67 1 0 0 0 0 0 0 0 0
fl=./elf/../sysdeps/generic/dl-new-hash.h
fn=_dl_lookup_symbol_x
70 116 0 0 0 0 0 0 0 0
74 885 0 0 885 112 102 0 0 0
77 1886 0 0 0 0 0 0 0 0
80 822 0 0 822 8 8 0 0 0
81 1644 0 0 0 0 0 0 0 0
87 53 2 2 0 0 0 0 0 0
89 53 0 0 0 0 0 0 0 0
90 53 0 0 0 0 0 0 0 0
101 116 0 0 0 0 0 0 0 0
102 2307 0 0 0 0 0 0 0 0
104 769 0 0 0 0 0 0 0 0
fl=./elf/../sysdeps/generic/dl-protected.h
fn=do_lookup_x
29 1002 0 0 225 0 0 0 0 0
fl=./elf/../sysdeps/generic/ldsodefs.h
fn=_dl_audit_activity_map
1348 0 0 0 0 0 0 0 0 0
fn=_dl_check_map_versions
79 17 0 0 13 0 0 0 0 0
fn=_dl_fixup
79 16 0 0 16 4 4 0 0 0
fn=_dl_init_paths
79 0 0 0 0 0 0 0 0 0
fn=_dl_map_object
79 2 0 0 2 0 0 0 0 0
fn=_dl_map_object_deps
79 2 2 1 2 0 0 0 0 0
fn=_dl_map_object_from_fd
79 3 0 0 3 0 0 0 0 0
fn=_dl_new_object
1348 66 1 1 1 0 0 0 0 0
fn=_dl_relocate_object_no_relro
79 118 1 1 110 0 0 0 0 0
140 306 0 0 102 0 0 0 0 0
fn=_dl_setup_hash
79 4 0 0 4 0 0 0 0 0
fn=_dl_start
79 7 0 0 4 0 0 0 0 0
fn=check_match
79 3 0 0 3 0 0 0 0 0
fn=dl_main
79 3 0 0 3 0 0 0 0 0
fn=do_lookup_x
79 380 0 0 380 0 0 0 0 0
139 218 2 2 109 0 0 0 0 0
140 109 0 0 0 0 0 0 0 0
fl=./elf/../sysdeps/nptl/dl-mutex.c
fn=__rtld_mutex_init
30 1 0 0 0 0 0 0 0 0
37 3 1 1 2 1 1 0 0 0
40 11 0 0 2 0 0 1 0 0
44 2 0 0 0 0 0 0 0 0
45 16 0 0 4 1 1 1 0 0
47 11 1 1 2 0 0 1 0 0
51 1 0 0 0 0 0 0 0 0
52 13 1 0 4 0 0 1 0 0
53 2 0 0 3 0 0 0 0 0
fn=strsep
30 1 1 0 0 0 0 3 0 0
fl=./elf/../sysdeps/nptl/dl-tls_init_tp.c
fn=__tls_init_tp
69 2 0 0 0 0 0 4 0 0
70 1 0 0 0 0 0 0 0 0
73 2 0 0 0 0 0 0 0 0
76 3 1 1 0 0 0 0 0 0
77 2 0 0 0 0 0 1 0 0
78 2 0 0 0 0 0 1 0 0
83 4 0 0 2 0 0 1 0 0
90 2 0 0 0 0 0 2 0 0
91 2 0 0 0 0 0 1 0 0
94 4 1 1 0 0 0 0 0 0
110 5 0 0 1 0 0 0 0 0
112 4 0 0 1 0 0 1 0 0
118 4 0 0 2 0 0 1 0 0
119 2 0 0 4 0 0 0 0 0
fn=__tls_pre_init_tp
54 1 0 0 0 0 0 1 0 0
57 3 1 0 0 0 0 2 0 0
58 3 0 0 0 0 0 2 0 0
59 2 0 0 0 0 0 2 1 1
62 6 0 0 2 0 0 1 0 0
63 4 0 0 1 0 0 1 0 0
65 2 0 0 1 0 0 0 0 0
fn=_dl_init_static_tls
45 8 2 0 0 0 0 0 0 0
fn=rtld_mutex_dummy
45 8 0 0 0 0 0 0 0 0
54 1 1 1 1 1 1 0 0 0
fl=./elf/../sysdeps/nptl/pthread_early_init.h
fn=__libc_early_init
33 4 0 0 0 0 0 0 0 0
34 3 0 0 1 0 0 0 0 0
38 4 0 0 0 0 0 0 0 0
45 3 0 0 3 1 0 0 0 0
46 2 0 0 0 0 0 0 0 0
52 8 0 0 0 0 0 1 0 0
53 3 0 0 1 0 0 1 0 0
54 1 0 0 0 0 0 1 1 1
56 1 0 0 0 0 0 0 0 0
fl=./elf/../sysdeps/posix/dl-fileid.h
fn=_dl_map_object_from_fd
37 10 2 2 2 0 0 0 0 0
40 8 0 0 4 0 0 4 0 0
41 8 0 0 4 0 0 4 0 0
49 30 0 0 12 2 1 0 0 0
fl=./elf/../sysdeps/unix/sysv/linux/arm/libc-do-syscall.S
fn=???
40 28 0 0 0 0 0 56 2 2
fn=__libc_do_syscall
45 28 0 0 0 0 0 0 0 0
46 28 0 0 0 0 0 0 0 0
47 28 0 0 56 0 0 0 0 0
fl=./elf/../sysdeps/unix/sysv/linux/brk.c
fn=brk
36 2 0 0 0 0 0 1 0 0
37 3 0 0 1 1 1 1 1 1
38 2 1 0 0 0 0 0 0 0
44 2 0 0 0 0 0 0 0 0
45 1 0 0 1 0 0 0 0 0
fl=./elf/../sysdeps/unix/sysv/linux/brk_call.h
fn=__libc_do_syscall
24 1 1 1 0 0 0 0 0 0
fn=brk
24 1 0 0 0 0 0 0 0 0
fl=./elf/../sysdeps/unix/sysv/linux/dl-extra_tls.h
fn=_dl_determine_tlsoffset
32 6 0 0 1 0 0 0 0 0
33 1 0 0 0 0 0 0 0 0
37 14 1 1 4 1 0 0 0 0
44 1 0 0 0 0 0 0 0 0
51 5 0 0 1 0 0 0 0 0
52 1 0 0 0 0 0 0 0 0
54 3 1 1 2 0 0 0 0 0
61 0 0 0 0 0 0 0 0 0
68 3 0 0 1 0 0 1 0 0
fl=./elf/../sysdeps/unix/sysv/linux/dl-osinfo.h
fn=dl_main
37 1 0 0 1 1 0 0 0 0
39 1 0 0 0 0 0 0 0 0
52 1 0 0 1 0 0 0 0 0
fl=./elf/../sysdeps/unix/sysv/linux/dl-parse_auxv.h
fn=_dl_sysdep_start
33 3 0 0 1 0 0 1 0 0
34 2 0 0 0 0 0 1 0 0
40 2 0 0 0 0 0 1 0 0
42 67 1 1 22 0 0 0 0 0
43 21 0 0 0 0 0 0 0 0
44 105 0 0 21 3 3 21 0 0
46 4 0 0 2 0 0 1 0 0
47 4 0 0 2 0 0 1 0 0
48 4 0 0 2 0 0 2 2 2
49 5 0 0 2 0 0 3 0 0
50 5 0 0 2 0 0 3 0 0
51 5 0 0 2 0 0 3 0 0
52 5 0 0 2 0 0 3 0 0
53 4 0 0 2 0 0 2 0 0
54 4 1 1 2 0 0 2 0 0
55 4 0 0 2 0 0 2 0 0
56 4 1 1 2 0 0 2 0 0
57 2 0 0 1 0 0 1 0 0
65 8 0 0 2 0 0 1 0 0
67 8 0 0 2 0 0 1 1 1
fl=./elf/../sysdeps/unix/sysv/linux/dl-sysdep.c
fn=_dl_mcount
104 1 1 1 1 1 1 0 0 0
fn=_dl_sysdep_start
80 5 0 0 2 0 0 1 0 0
81 3 0 0 1 0 0 1 0 0
82 5 0 0 1 1 1 1 1 1
83 1 0 0 0 0 0 0 0 0
84 113 0 0 38 3 3 0 0 0
87 4 1 1 1 0 0 1 1 1
91 4 0 0 0 0 0 0 0 0
94 1 0 0 1 0 0 0 0 0
95 2 0 0 1 0 0 2 0 0
96 2 0 0 1 0 0 1 0 0
103 3 0 0 0 0 0 9 0 0
104 2 0 0 0 0 0 1 0 0
111 2 0 0 0 0 0 0 0 0
114 1 0 0 0 0 0 0 0 0
116 2 0 0 0 0 0 0 0 0
124 2 1 1 0 0 0 1 0 0
126 6 0 0 1 0 0 0 0 0
138 4 0 0 2 0 0 0 0 0
141 6 0 0 4 0 0 0 0 0
143 1 1 0 1 1 0 0 0 0
144 2 0 0 9 1 0 0 0 0
149 1 1 0 0 0 0 0 0 0
fl=./elf/../sysdeps/unix/sysv/linux/dl-vdso-setup.h
fn=dl_main
30 5 1 1 1 1 1 3 0 0
33 3 1 1 1 1 1 1 0 0
fl=./elf/../sysdeps/unix/sysv/linux/dl-vdso.h
fn=dl_main
40 3 1 1 2 1 1 0 0 0
41 2 0 0 0 0 0 0 0 0
55 2 0 0 0 0 0 0 0 0
fl=./elf/../sysdeps/unix/sysv/linux/rseq-internal.h
fn=__tls_init_tp
93 4 0 0 2 0 0 0 0 0
100 1 0 0 0 0 0 0 0 0
102 2 0 0 1 1 1 0 0 0
108 4 1 0 1 0 0 0 0 0
112 4 0 0 0 0 0 0 0 0
116 2 0 0 0 0 0 1 0 0
118 6 0 0 0 0 0 0 0 0
119 2 0 0 0 0 0 0 0 0
124 6 0 0 2 0 0 1 0 0
fl=./elf/./dl-find_object.h
fn=_dl_find_object_from_map
94 6 0 0 0 0 0 6 0 0
95 6 0 0 0 0 0 6 0 0
96 12 0 0 6 0 0 6 0 0
97 6 0 0 0 0 0 6 0 0
103 18 0 0 6 0 0 6 0 0
105 18 1 1 12 3 0 0 0 0
106 30 0 0 0 0 0 0 0 0
107 51 0 0 11 9 0 0 0 0
109 20 0 0 10 0 0 5 1 1
112 15 0 0 5 3 0 5 0 0
118 2 0 0 0 0 0 1 0 0
120 1 0 0 0 0 0 1 0 0
122 6 0 0 6 0 0 0 0 0
fn=_dl_handle_execstack_tunable
95 6 1 1 6 0 0 0 0 0
fl=./elf/./dl-hwcaps.h
fn=_dl_important_hwcaps
43 9 0 0 3 1 1 3 0 0
45 4 0 0 0 0 0 4 0 0
46 2 0 0 0 0 0 0 0 0
77 4 0 0 0 0 0 3 0 0
78 6 0 0 2 0 0 4 0 0
79 3 0 0 0 0 0 0 0 0
fn=copy_hwcaps
45 4 0 0 0 0 0 4 0 0
77 2 0 0 0 0 0 2 0 0
78 2 0 0 0 0 0 2 0 0
79 2 0 0 0 0 0 0 0 0
fl=./elf/./dl-load.h
fn=_dl_map_object_from_fd
91 12 0 0 4 0 0 0 0 0
92 5 1 1 3 0 0 0 0 0
93 5 0 0 2 0 0 0 0 0
94 2 0 0 1 0 0 0 0 0
96 4 0 0 0 0 0 1 0 0
97 1 0 0 0 0 0 0 0 0
fl=./elf/./dl-main.h
fn=dl_main
109 3 0 0 4 0 0 0 0 0
fl=./elf/./dl-map-segments.h
fn=_dl_map_object_from_fd
28 8 2 1 2 0 0 2 0 0
36 12 2 2 2 0 0 0 0 0
37 16 0 0 0 0 0 4 1 1
41 4 0 0 0 0 0 0 0 0
44 8 0 0 2 0 0 0 0 0
45 20 1 1 6 0 0 4 0 0
49 4 0 0 0 0 0 0 0 0
55 4 0 0 0 0 0 0 0 0
56 8 0 0 2 0 0 0 0 0
58 16 0 0 4 1 1 0 0 0
59 2 0 0 0 0 0 0 0 0
60 4 0 0 0 0 0 0 0 0
61 4 0 0 2 0 0 0 0 0
81 2 0 0 0 0 0 0 0 0
101 4 0 0 0 0 0 2 0 0
102 4 1 1 0 0 0 2 0 0
105 4 0 0 0 0 0 2 0 0
106 4 0 0 0 0 0 2 0 0
108 4 0 0 2 0 0 0 0 0
115 12 2 1 4 0 0 0 0 0
117 2 2 1 0 0 0 2 0 0
118 12 0 0 0 0 0 0 0 0
125 6 0 0 2 0 0 2 0 0
135 16 0 0 0 0 0 0 0 0
137 6 0 0 4 0 0 0 0 0
139 24 0 0 8 0 0 4 0 0
149 12 0 0 8 0 0 0 0 0
155 4 2 1 2 0 0 0 0 0
156 4 0 0 0 0 0 2 0 0
157 12 0 0 4 0 0 0 0 0
158 2 0 0 0 0 0 0 0 0
160 10 0 0 2 0 0 2 0 0
165 4 0 0 0 0 0 0 0 0
168 10 0 0 2 0 0 4 0 0
176 10 0 0 2 0 0 0 0 0
182 6 0 0 2 0 0 0 0 0
186 10 2 2 2 0 0 2 0 0
189 2 0 0 0 0 0 0 0 0
194 4 1 1 0 0 0 0 0 0
fl=./elf/./dl-sym-post.h
fn=lookup_malloc_symbol
41 8 1 1 0 0 0 0 0 0
53 16 0 0 8 1 0 0 0 0
fl=./elf/./dl-tls_block_align.h
fn=_dl_allocate_tls_storage
23 3 1 1 2 1 1 0 0 0
41 1 0 0 1 0 0 0 0 0
59 5 0 0 0 0 0 0 0 0
66 4 1 1 0 0 0 0 0 0
fl=./elf/./get-dynamic-info.h
fn=_dl_start
45 47 0 0 16 3 3 0 0 0
49 30 0 0 0 0 0 0 0 0
54 19 0 0 0 0 0 0 0 0
55 14 0 0 0 0 0 0 0 0
56 3 0 0 0 0 0 0 0 0
57 2 0 0 0 0 0 0 0 0
59 5 0 0 0 0 0 0 0 0
62 5 1 1 0 0 0 0 0 0
64 4 0 0 0 0 0 0 0 0
68 32 1 1 1 0 0 15 5 5
72 2 0 0 0 0 0 0 0 0
84 2 1 1 1 0 0 0 0 0
85 4 0 0 2 0 0 0 0 0
86 7 0 0 3 0 0 1 0 0
87 7 0 0 3 0 0 1 0 0
88 4 1 1 2 0 0 0 0 0
89 4 0 0 2 0 0 0 0 0
90 7 0 0 3 0 0 1 0 0
91 7 0 0 3 0 0 1 0 0
106 11 2 2 3 0 0 1 0 0
110 3 0 0 1 0 0 0 0 0
127 6 0 0 3 0 0 0 0 0
129 2 1 1 1 0 0 0 0 0
130 0 0 0 0 0 0 0 0 0
133 5 0 0 2 0 0 0 0 0
134 3 0 0 1 0 0 0 0 0
139 5 0 0 2 0 0 0 0 0
142 7 1 1 3 1 1 0 0 0
fn=dl_main
39 3 0 0 1 0 0 0 0 0
43 1 0 0 0 0 0 0 0 0
45 77 0 0 26 4 4 0 0 0
49 50 0 0 0 0 0 0 0 0
54 19 1 1 0 0 0 0 0 0
55 14 0 0 0 0 0 0 0 0
56 3 0 0 0 0 0 0 0 0
57 2 0 0 0 0 0 0 0 0
59 5 0 0 0 0 0 0 0 0
62 5 0 0 0 0 0 0 0 0
64 3 0 0 0 0 0 0 0 0
68 25 1 1 0 0 0 25 4 4
72 5 0 0 1 0 0 0 0 0
84 2 0 0 1 0 0 0 0 0
85 5 0 0 2 0 0 1 0 0
86 5 0 0 2 0 0 1 0 0
87 5 1 1 2 0 0 1 0 0
88 2 0 0 1 0 0 0 0 0
89 5 0 0 2 0 0 1 0 0
90 5 0 0 2 0 0 1 0 0
91 5 0 0 2 0 0 1 0 0
106 7 1 1 2 0 0 1 0 0
110 2 0 0 1 0 0 0 0 0
113 3 0 0 1 0 0 0 0 0
126 2 0 0 1 0 0 0 0 0
127 4 0 0 2 0 0 0 0 0
129 2 0 0 1 0 0 0 0 0
130 0 0 0 0 0 0 0 0 0
147 2 0 0 1 0 0 0 0 0
152 0 0 0 0 0 0 0 0 0
154 0 0 0 0 0 0 0 0 0
155 0 0 0 0 0 0 0 0 0
156 0 0 0 0 0 0 0 0 0
157 0 0 0 0 0 0 0 0 0
158 0 0 0 0 0 0 0 0 0
159 0 0 0 0 0 0 0 0 0
162 2 1 1 1 0 0 0 0 0
164 2 0 0 1 0 0 1 0 0
165 1 0 0 0 0 0 0 0 0
166 3 0 0 0 0 0 0 0 0
174 5 0 0 2 0 0 0 0 0
180 1 0 0 0 0 0 0 0 0
181 3 1 1 0 0 0 0 0 0
184 2 0 0 1 0 0 0 0 0
186 0 0 0 0 0 0 0 0 0
fl=./elf/./setup-vdso.h
fn=dl_main
24 5 0 0 2 0 0 0 0 0
fl=./elf/dl-audit.c
fn=???
29 1 1 1 0 0 0 10 0 0
fn=_dl_audit_activity_map
30 3 0 0 3 1 1 0 0 0
31 1 0 0 0 0 0 0 0 0
33 0 0 0 0 0 0 0 0 0
34 0 0 0 0 0 0 0 0 0
37 1 1 0 10 0 0 0 0 0
45 3 2 1 0 0 0 0 0 0
fn=_dl_audit_activity_nsid
45 12 0 0 6 2 2 0 0 0
46 9 0 0 6 1 1 0 0 0
47 12 0 0 0 0 0 0 0 0
51 3 0 0 0 0 0 0 0 0
fn=_dl_audit_objclose
98 16 0 0 8 1 1 0 0 0
114 4 0 0 32 0 0 0 0 0
118 1 1 1 0 0 0 8 0 0
fn=_dl_audit_objopen
77 2 0 0 0 0 0 0 0 0
78 8 0 0 4 1 1 0 0 0
93 4 0 0 18 0 0 0 0 0
97 4 1 1 0 0 0 32 0 0
fn=_dl_audit_objsearch
77 2 2 1 0 0 0 18 0 0
fn=_dl_audit_preinit
119 4 0 0 2 1 1 0 0 0
129 1 0 0 8 0 0 0 0 0
fl=./elf/dl-cache.c
fn=???
199 1 1 1 0 0 0 9 0 0
342 9 1 1 9 0 0 0 0 0
fn=_dl_cache_libcmp
341 9 0 0 0 0 0 36 0 0
342 92 0 0 37 0 0 0 0 0
344 180 1 1 0 0 0 0 0 0
346 137 0 0 45 8 8 0 0 0
352 2 0 0 0 0 0 0 0 0
353 2 0 0 0 0 0 0 0 0
354 4 0 0 1 0 0 0 0 0
356 4 0 0 1 0 0 0 0 0
357 18 0 0 0 0 0 0 0 0
358 2 0 0 0 0 0 0 0 0
364 88 0 0 0 0 0 0 0 0
366 88 0 0 0 0 0 0 0 0
367 8 0 0 0 0 0 0 0 0
370 36 0 0 0 0 0 0 0 0
371 36 0 0 0 0 0 0 0 0
374 2 0 0 1 0 0 0 0 0
375 9 0 0 36 0 0 0 0 0
fn=_dl_load_cache_lookup
387 4 0 0 0 0 0 7 0 0
389 4 0 0 1 0 0 0 0 0
392 5 0 0 2 2 1 0 0 0
395 6 1 1 1 0 0 0 0 0
403 5 1 1 1 0 0 0 0 0
404 6 0 0 1 0 0 0 0 0
407 8 2 1 1 0 0 0 0 0
415 2 0 0 1 1 1 0 0 0
416 2 0 0 0 0 0 2 0 0
466 5 0 0 2 0 0 0 0 0
469 7 1 1 2 0 0 2 0 0
484 5 0 0 2 0 0 0 0 0
488 2 0 0 0 0 0 0 0 0
496 2 0 0 0 0 0 0 0 0
497 4 0 0 0 0 0 0 0 0
498 4 0 0 0 0 0 0 0 0
499 1 0 0 0 0 0 0 0 0
500 3 0 0 7 0 0 0 0 0
509 1 1 0 0 0 0 2 0 0
fn=_dl_unload_cache
510 6 0 0 2 2 0 0 0 0
512 2 0 0 1 0 0 0 0 0
513 3 0 0 0 0 0 1 0 0
517 4 0 0 1 0 0 1 0 0
519 1 0 0 2 0 0 0 0 0
fn=search_cache
187 8 0 0 0 0 0 0 0 0
199 3 1 1 1 0 0 1 0 0
200 3 0 0 0 0 0 0 0 0
207 18 0 0 0 0 0 0 0 0
209 31 0 0 2 0 0 2 0 0
210 16 0 0 8 6 6 0 0 0
214 16 0 0 0 0 0 0 0 0
218 24 1 1 8 0 0 0 0 0
219 17 0 0 0 0 0 0 0 0
227 2 0 0 0 0 0 0 0 0
229 2 0 0 1 0 0 0 0 0
232 2 0 0 0 0 0 0 0 0
234 5 0 0 0 0 0 0 0 0
236 4 1 1 1 0 0 1 0 0
246 2 0 0 0 0 0 0 0 0
255 1 1 1 1 0 0 0 0 0
256 9 0 0 3 0 0 1 0 0
257 3 0 0 1 0 0 0 0 0
264 2 0 0 0 0 0 0 0 0
282 10 1 1 1 0 0 0 0 0
287 7 0 0 1 0 0 0 0 0
314 2 0 0 0 0 0 1 0 0
316 2 0 0 0 0 0 0 0 0
326 4 0 0 0 0 0 0 0 0
331 14 0 0 0 0 0 0 0 0
333 7 0 0 0 0 0 0 0 0
337 3 1 1 10 0 0 0 0 0
389 1 1 1 1 1 1 0 0 0
fl=./elf/dl-call-libc-early-init.c
fn=???
29 1 1 1 0 0 0 0 0 0
fn=_dl_call_libc_early_init
27 3 0 0 0 0 0 3 0 0
33 11 0 0 2 1 1 1 0 0
37 1 0 0 0 0 0 0 0 0
39 9 0 0 3 0 0 0 0 0
40 2 0 0 0 0 0 0 0 0
41 2 1 0 3 0 0 0 0 0
fl=./elf/dl-call_fini.c
fn=_dl_call_fini
24 8 0 0 0 0 0 16 0 0
28 16 0 0 4 0 0 0 0 0
32 12 0 0 4 0 0 4 0 0
34 4 1 1 4 4 3 0 0 0
35 4 0 0 0 0 0 0 0 0
38 6 0 0 4 1 1 0 0 0
39 6 0 0 4 0 0 0 0 0
42 12 0 0 0 0 0 0 0 0
43 4 0 0 2 1 1 0 0 0
47 4 0 0 4 1 1 0 0 0
48 4 0 0 0 0 0 0 0 0
49 8 1 0 4 0 0 0 0 0
50 4 0 0 16 0 0 0 0 0
fn=_dl_call_libc_early_init
28 4 1 1 4 1 1 0 0 0
fl=./elf/dl-catch.c
fn=_dl_catch_error
258 4 0 0 0 0 0 0 0 0
260 4 0 0 1 0 0 0 0 0
261 2 0 0 1 0 0 1 0 0
262 1 0 0 0 0 0 1 0 0
263 5 0 0 2 0 0 1 0 0
265 2 1 1 4 0 0 0 0 0
fn=_dl_catch_exception
58 12 0 0 6 1 1 0 0 0
59 12 1 1 6 1 0 3 0 0
62 0 0 0 0 0 0 0 0 0
69 12 0 0 6 1 0 0 0 0
70 18 0 0 6 0 0 6 0 0
73 0 0 0 0 0 0 0 0 0
208 6 0 0 0 0 0 6 2 2
211 9 0 0 0 0 0 3 0 0
218 3 0 0 0 0 0 0 0 0
232 9 0 0 3 0 0 3 2 2
233 6 0 0 0 0 0 3 0 0
239 15 1 1 0 0 0 0 0 0
241 6 0 0 6 0 0 0 0 0
243 12 0 0 3 0 0 9 0 0
252 6 0 0 6 0 0 0 0 0
258 1 1 1 0 0 0 4 0 0
fn=_dl_receive_error
58 4 0 0 2 1 0 0 0 0
59 1 0 0 1 0 0 0 0 0
69 4 0 0 2 0 0 0 0 0
70 2 0 0 0 0 0 2 0 0
190 2 0 0 0 0 0 0 0 0
192 3 0 0 2 0 0 0 0 0
196 3 0 0 1 0 0 1 0 0
198 1 0 0 0 0 0 0 0 0
201 3 0 0 1 0 0 1 0 0
202 1 0 0 6 0 0 0 0 0
208 3 2 1 0 0 0 6 0 0
fn=_dl_signal_cerror
190 1 1 1 0 0 0 6 0 0
fl=./elf/dl-debug.c
fn=_dl_close
46 1 1 1 0 0 0 2 0 0
fn=_dl_debug_change_state
105 2 0 0 0 0 0 2 0 0
107 18 1 0 6 3 0 0 0 0
111 2 0 0 0 0 0 0 0 0
120 1 1 1 1 1 1 0 0 0
fn=_dl_debug_initialize
76 1 0 0 0 0 0 0 0 0
120 5 0 0 1 0 0 4 0 0
122 4 0 0 2 0 0 0 0 0
127 2 0 0 0 0 0 1 0 0
128 5 0 0 2 0 0 1 0 0
154 2 0 0 0 0 0 1 1 1
157 5 1 1 2 0 0 0 0 0
159 2 1 1 1 1 1 0 0 0
160 3 1 0 1 0 0 1 0 0
162 5 0 0 2 1 1 0 0 0
169 1 0 0 4 0 0 0 0 0
fn=_dl_debug_post_relocate
46 2 0 0 0 0 0 0 0 0
51 2 1 1 0 0 0 1 0 0
52 7 0 0 2 1 0 4 0 0
54 4 0 0 2 0 0 0 0 0
56 11 0 0 3 0 0 0 0 0
57 4 1 0 1 0 0 0 0 0
70 2 0 0 2 0 0 0 0 0
94 3 2 1 3 2 0 0 0 0
fn=_dl_debug_update
76 6 0 0 0 0 0 0 0 0
77 6 0 0 3 0 0 0 0 0
79 0 0 0 0 0 0 0 0 0
94 3 0 0 0 0 0 0 0 0
96 9 3 0 3 1 0 0 0 0
100 3 0 0 0 0 0 0 0 0
105 2 1 1 0 0 0 0 0 0
fl=./elf/dl-debug_state.c
fn=_dl_debug_initialize
29 2 1 0 0 0 0 0 0 0
fl=./elf/dl-deps.c
fn=???
61 2 1 0 0 0 0 4 0 0
fn=_dl_map_object_deps
128 2 0 0 0 0 0 1 0 0
129 2 0 0 0 0 0 3 1 1
130 3 0 0 0 0 0 2 0 0
136 7 0 0 2 0 0 2 0 0
143 4 0 0 0 0 0 1 1 1
144 6 1 1 0 0 0 0 0 0
160 7 0 0 0 0 0 0 0 0
161 1 0 0 1 0 0 0 0 0
164 3 0 0 1 0 0 1 0 0
182 4 0 0 2 0 0 1 0 0
183 5 1 1 4 0 0 1 0 0
184 1 0 0 0 0 0 1 0 0
188 8 1 1 4 0 0 2 1 1
190 10 1 1 0 0 0 6 0 0
193 8 0 0 0 0 0 4 0 0
197 16 1 1 8 0 0 0 0 0
198 41 2 1 7 0 0 0 0 0
201 6 0 0 0 0 0 0 0 0
205 6 0 0 4 0 0 0 0 0
208 24 1 0 8 2 1 0 0 0
210 14 0 0 4 0 0 0 0 0
215 4 0 0 0 0 0 2 0 0
216 2 0 0 0 0 0 2 0 0
217 4 0 0 2 0 0 2 0 0
218 4 0 0 2 0 0 2 0 0
219 2 0 0 0 0 0 2 0 0
221 163 1 0 57 4 0 0 0 0
222 98 1 1 0 0 0 0 0 0
228 40 0 0 8 1 1 4 0 0
230 2 0 0 0 0 0 2 0 0
232 13 1 1 3 0 0 1 0 0
233 6 1 1 2 0 0 0 0 0
242 2 0 0 2 0 0 0 0 0
244 6 0 0 2 0 0 0 0 0
249 2 0 0 0 0 0 0 0 0
253 2 0 0 0 0 0 4 0 0
254 2 0 0 0 0 0 2 0 0
255 4 0 0 2 0 0 2 0 0
256 2 0 0 0 0 0 2 0 0
257 6 0 0 2 0 0 2 0 0
259 8 0 0 2 0 0 2 0 0
263 4 0 0 2 1 0 0 0 0
264 2 0 0 0 0 0 1 0 0
266 190 2 2 47 0 0 0 0 0
271 8 1 1 0 0 0 0 0 0
417 4 1 1 0 0 0 0 0 0
419 8 0 0 0 0 0 4 1 1
422 4 0 0 0 0 0 0 0 0
423 8 0 0 2 0 0 0 0 0
429 2 0 0 0 0 0 2 0 0
430 8 0 0 0 0 0 0 0 0
431 10 0 0 0 0 0 0 0 0
433 2 0 0 0 0 0 0 0 0
434 2 0 0 0 0 0 2 0 0
435 6 0 0 2 0 0 2 0 0
439 12 0 0 4 0 0 0 0 0
441 4 0 0 4 0 0 0 0 0
442 17 0 0 3 0 0 0 0 0
448 11 0 0 3 0 0 0 0 0
449 2 1 1 0 0 0 1 0 0
451 0 0 0 0 0 0 0 0 0
452 3 0 0 1 1 0 1 0 0
464 2 0 0 1 0 0 0 0 0
465 3 0 0 0 0 0 0 0 0
470 4 0 0 1 0 0 1 0 0
471 2 0 0 1 0 0 1 0 0
472 1 0 0 0 0 0 0 0 0
474 13 0 0 4 0 0 0 0 0
478 12 0 0 4 0 0 0 0 0
484 12 0 0 0 0 0 0 0 0
485 8 1 1 0 0 0 4 1 1
490 12 0 0 4 0 0 4 0 0
494 6 1 1 0 0 0 0 0 0
495 3 0 0 1 0 0 0 0 0
532 2 1 1 0 0 0 0 0 0
533 2 1 1 0 0 0 0 0 0
536 1 0 0 1 0 0 0 0 0
547 5 0 0 0 0 0 0 0 0
552 8 0 0 1 0 0 0 0 0
553 6 1 1 3 1 1 0 0 0
557 2 0 0 0 0 0 1 0 0
558 1 0 0 0 0 0 0 0 0
559 1 0 0 0 0 0 1 0 0
560 3 0 0 1 0 0 1 0 0
561 2 1 1 0 0 0 0 0 0
568 2 0 0 1 0 0 0 0 0
569 0 0 0 0 0 0 0 0 0
571 3 0 0 1 0 0 0 0 0
574 3 0 0 9 0 0 0 0 0
fn=openaux
61 4 0 0 0 0 0 0 0 0
64 26 0 0 10 0 0 6 0 0
65 2 0 0 2 0 0 0 0 0
69 4 0 0 4 0 0 0 0 0
143 1 1 1 0 0 0 9 0 0
fl=./elf/dl-environ.c
fn=_dl_diagnostics_kernel
29 3 1 1 3 0 0 0 0 0
fn=_dl_next_ld_env_entry
28 3 0 0 0 0 0 0 0 0
32 77 0 0 38 0 0 0 0 0
34 111 0 0 37 0 0 0 0 0
35 24 0 0 8 0 0 0 0 0
37 2 0 0 0 0 0 0 0 0
40 4 0 0 0 0 0 2 0 0
42 2 0 0 0 0 0 0 0 0
49 1 0 0 0 0 0 0 0 0
fl=./elf/dl-execstack-tunable.c
fn=_dl_handle_execstack_tunable
24 1 0 0 0 0 0 0 0 0
25 8 0 0 1 0 0 0 0 0
39 2 0 0 1 0 0 0 0 0
fn=_dl_make_stack_executable
24 1 1 1 0 0 0 1 0 0
fl=./elf/dl-find_object.c
fn=???
475 4 1 1 0 0 0 36 0 0
fn=_dl_find_object
554 1 1 1 0 0 0 0 0 0
fn=_dl_find_object_init
578 1 0 0 0 0 0 6 0 0
581 2 0 0 1 1 0 0 0 0
583 3 1 1 1 0 0 0 0 0
590 4 0 0 1 0 0 2 0 0
596 2 0 0 0 0 0 0 0 0
597 5 0 0 2 0 0 1 0 0
599 1 0 0 0 0 0 0 0 0
602 2 0 0 0 0 0 0 0 0
607 1 0 0 0 0 0 1 0 0
608 1 0 0 0 0 0 0 0 0
611 2 0 0 1 0 0 0 0 0
613 2 1 1 0 0 0 0 0 0
616 5 0 0 3 0 0 1 0 0
618 1 0 0 0 0 0 0 0 0
621 1 1 1 6 0 0 0 0 0
fn=_dlfo_process_initial
506 6 0 0 4 1 1 0 0 0
508 4 0 0 0 0 0 0 0 0
509 6 0 0 2 0 0 0 0 0
511 8 1 0 0 0 0 0 0 0
514 28 0 0 8 2 1 0 0 0
515 12 0 0 2 0 0 0 0 0
516 8 0 0 8 0 0 0 0 0
518 34 1 1 6 2 0 0 0 0
521 24 0 0 6 0 0 0 0 0
524 52 1 1 8 0 0 0 0 0
526 10 0 0 0 0 0 0 0 0
529 12 0 0 6 0 0 0 0 0
531 6 0 0 0 0 0 0 0 0
532 2 0 0 0 0 0 0 0 0
533 8 0 0 0 0 0 0 0 0
546 6 0 0 2 0 0 2 0 0
548 4 0 0 20 0 0 0 0 0
fn=_dlfo_process_initial_noncontiguous_map
475 12 0 0 0 0 0 0 0 0
477 12 0 0 0 0 0 0 0 0
481 4 0 0 4 0 0 0 0 0
482 12 0 0 4 0 0 0 0 0
483 114 0 0 0 0 0 0 0 0
484 102 0 0 34 6 0 0 0 0
486 38 1 1 12 1 0 0 0 0
489 44 0 0 20 0 0 24 2 2
490 8 0 0 4 0 0 0 0 0
491 4 0 0 0 0 0 4 0 0
492 12 0 0 4 0 0 4 0 0
494 8 1 1 0 0 0 0 0 0
497 12 0 0 36 0 0 0 0 0
505 2 1 1 0 0 0 20 0 0
fn=_dlfo_sort_mappings
553 3 0 0 0 0 0 9 0 0
554 1 0 0 0 0 0 0 0 0
557 38 0 0 10 0 0 8 0 0
561 20 1 1 5 0 0 0 0 0
562 70 0 0 5 0 0 0 0 0
563 15 0 0 15 0 0 0 0 0
565 75 0 0 0 0 0 0 0 0
570 45 0 0 30 0 0 30 0 0
571 40 0 0 25 0 0 25 0 0
572 25 0 0 25 0 0 25 0 0
574 2 0 0 9 0 0 0 0 0
581 1 1 1 1 1 1 0 0 0
fl=./elf/dl-fini.c
fn=_dl_find_object_freeres
26 1 1 1 0 0 0 9 0 0
fn=_dl_fini
26 3 0 0 0 0 0 0 0 0
43 1 0 0 0 0 0 0 0 0
46 14 0 0 4 1 1 2 0 0
49 8 1 1 3 1 1 0 0 0
51 1 1 1 1 1 1 0 0 0
54 1 0 0 0 0 0 0 0 0
56 5 0 0 2 0 0 0 0 0
59 3 0 0 1 1 1 0 0 0
61 1 0 0 0 0 0 1 0 0
63 4 1 1 0 0 0 1 0 0
68 7 0 0 1 0 0 1 0 0
72 1 0 0 0 0 0 0 0 0
74 18 1 1 5 0 0 0 0 0
76 12 0 0 4 1 1 0 0 0
78 8 0 0 0 0 0 0 0 0
80 4 0 0 0 0 0 4 0 0
81 4 0 0 0 0 0 4 3 3
82 4 0 0 0 0 0 0 0 0
86 12 0 0 4 1 1 4 0 0
91 8 0 0 0 0 0 0 0 0
93 9 1 1 0 0 0 0 0 0
94 4 0 0 0 0 0 0 0 0
100 4 0 0 1 0 0 0 0 0
109 7 0 0 3 0 0 0 0 0
114 24 1 1 1 0 0 3 0 0
116 4 0 0 4 0 0 0 0 0
118 12 0 0 4 0 0 0 0 0
120 8 0 0 0 0 0 0 0 0
123 14 1 1 3 0 0 0 0 0
128 12 0 0 4 0 0 4 0 0
131 2 0 0 0 0 0 0 0 0
135 5 0 0 1 0 0 0 0 0
141 7 0 0 2 0 0 0 0 0
143 2 0 0 0 0 0 0 0 0
147 5 0 0 2 0 0 0 0 0
154 3 0 0 9 0 0 0 0 0
fl=./elf/dl-hwcaps-subdirs.c
fn=_dl_hwcaps_subdirs_active
29 1 0 0 0 0 0 0 0 0
fn=_dl_important_hwcaps
29 1 1 1 0 0 0 0 0 0
fl=./elf/dl-hwcaps.c
fn=_dl_important_hwcaps
52 8 1 1 0 0 0 0 0 0
100 4 0 0 1 0 0 1 0 0
102 3 0 0 1 0 0 0 0 0
105 1 0 0 0 0 0 1 0 0
108 1 0 0 0 0 0 0 0 0
112 4 1 1 0 0 0 0 0 0
114 2 0 0 1 0 0 0 0 0
125 4 1 1 0 0 0 0 0 0
127 2 0 0 1 0 0 0 0 0
133 2 0 0 0 0 0 0 0 0
142 5 0 0 2 0 0 0 0 0
172 6 0 0 0 0 0 4 1 1
174 2 0 0 0 0 0 0 0 0
175 2 0 0 0 0 0 0 0 0
185 1 0 0 0 0 0 0 0 0
186 3 1 1 1 0 0 0 0 0
189 3 0 0 1 0 0 1 1 1
194 2 0 0 0 0 0 0 0 0
202 3 0 0 2 0 0 0 0 0
203 7 1 1 1 0 0 2 0 0
204 6 0 0 2 0 0 0 0 0
208 2 0 0 2 0 0 1 0 0
209 2 0 0 0 0 0 1 0 0
213 2 0 0 1 0 0 1 0 0
216 3 0 0 9 0 0 0 0 0
fn=copy_hwcaps
74 4 0 0 0 0 0 0 0 0
77 8 1 1 0 0 0 0 0 0
80 8 0 0 2 1 0 0 0 0
84 2 0 0 0 0 0 0 0 0
90 4 0 0 14 0 0 0 0 0
172 1 1 1 0 0 0 9 0 0
fn=unsetenv
74 2 1 1 0 0 0 14 0 0
fl=./elf/dl-hwcaps_split.c
fn=???
51 5 1 1 0 0 0 10 0 0
fn=_dl_hwcaps_split
26 12 0 0 6 0 0 0 0 0
27 6 1 1 0 0 0 0 0 0
30 12 0 0 3 0 0 3 0 0
34 9 0 0 3 0 0 0 0 0
36 3 0 0 0 0 0 0 0 0
41 0 0 0 0 0 0 0 0 0
47 6 0 0 24 0 0 0 0 0
fn=_dl_hwcaps_split_masked
51 5 0 0 0 0 0 0 0 0
54 15 0 0 0 0 0 0 0 0
56 0 0 0 0 0 0 0 0 0
57 0 0 0 0 0 0 0 0 0
58 0 0 0 0 0 0 0 0 0
62 5 0 0 10 0 0 0 0 0
fn=_dl_hwcaps_subdirs_active
25 6 0 0 0 0 0 24 1 1
fl=./elf/dl-init.c
fn=_dl_fini
27 5 1 1 0 0 0 30 0 0
fn=_dl_init
81 4 1 1 0 0 0 0 0 0
83 1 0 0 2 1 0 0 0 0
86 4 0 0 2 2 1 0 0 0
88 1 0 0 0 0 0 0 0 0
89 3 1 1 0 0 0 1 0 0
94 4 0 0 0 0 0 0 0 0
119 1 0 0 1 0 0 0 0 0
120 10 0 0 0 0 0 0 0 0
121 24 0 0 8 1 0 0 0 0
127 1 0 0 8 0 0 0 0 0
fn=call_init
27 5 0 0 0 0 0 0 0 0
29 15 0 0 5 0 0 0 0 0
35 30 0 0 5 0 0 0 0 0
37 10 0 0 0 0 0 0 0 0
43 12 0 0 4 0 0 4 0 0
46 12 1 1 8 4 0 0 0 0
47 3 0 0 1 0 0 0 0 0
51 15 0 0 6 1 0 0 0 0
59 6 0 0 3 1 0 0 0 0
60 7 0 0 2 1 0 0 0 0
63 3 0 0 3 3 0 0 0 0
64 6 0 0 0 0 0 0 0 0
70 4 0 0 4 0 0 0 0 0
72 6 0 0 4 1 0 0 0 0
73 14 0 0 0 0 0 0 0 0
74 20 1 1 4 1 0 0 0 0
76 5 0 0 30 0 0 0 0 0
81 1 1 1 0 0 0 8 0 0
fl=./elf/dl-load.c
fn=_dl_dst_count
231 8 0 0 0 0 0 0 0 0
234 4 0 0 0 0 0 0 0 0
235 4 0 0 0 0 0 0 0 0
254 8 0 0 24 0 0 0 0 0
fn=_dl_dst_substitute
375 2 1 1 0 0 0 12 0 0
fn=_dl_init_paths
680 6 0 0 0 0 0 2 0 0
694 8 0 0 1 1 1 1 0 0
699 1 0 0 0 0 0 1 0 0
701 2 1 1 0 0 0 0 0 0
708 4 0 0 0 0 0 0 0 0
709 4 0 0 1 0 0 0 0 0
713 2 0 0 0 0 0 1 0 0
715 4 0 0 2 0 0 0 0 0
721 2 0 0 0 0 0 1 0 0
722 3 0 0 1 0 0 1 0 0
730 4 0 0 0 0 0 4 0 0
732 8 0 0 5 0 0 1 0 0
733 4 0 0 0 0 0 8 0 0
735 7 0 0 1 0 0 4 1 1
736 8 0 0 3 1 1 4 2 2
737 7 0 0 0 0 0 0 0 0
740 18 1 1 3 1 1 0 0 0
741 5 1 1 1 0 0 0 0 0
742 21 1 1 4 0 0 1 0 0
744 23 0 0 3 0 0 5 0 0
750 4 0 0 1 0 0 1 0 0
751 1 0 0 0 0 0 1 0 0
756 3 0 0 2 0 0 0 0 0
758 2 0 0 0 0 0 0 0 0
761 4 0 0 1 0 0 0 0 0
763 3 0 0 1 0 0 0 0 0
780 2 1 1 0 0 0 1 0 0
782 2 1 1 1 0 0 0 0 0
786 0 0 0 0 0 0 0 0 0
787 0 0 0 0 0 0 0 0 0
788 0 0 0 0 0 0 0 0 0
796 2 1 1 0 0 0 1 0 0
799 4 1 1 2 0 0 0 0 0
801 11 1 1 1 0 0 0 0 0
805 1 0 0 0 0 0 0 0 0
806 46 0 0 15 0 0 0 0 0
807 28 0 0 0 0 0 0 0 0
808 28 0 0 0 0 0 0 0 0
810 3 0 0 1 0 0 1 0 0
811 2 0 0 0 0 0 0 0 0
812 2 0 0 0 0 0 0 0 0
818 7 0 0 2 0 0 2 0 0
821 3 0 0 2 0 0 0 0 0
827 4 0 0 1 1 1 1 0 0
830 0 0 0 0 0 0 0 0 0
831 3 0 0 9 0 0 0 0 0
fn=_dl_map_object
1913 9 0 0 3 0 0 3 2 2
1915 2 0 0 0 0 0 2 0 0
1921 9 0 0 0 0 0 0 0 0
1922 15 3 1 6 2 2 0 0 0
1925 36 0 0 9 0 0 0 0 0
1930 42 0 0 14 0 0 0 0 0
1932 28 0 0 0 0 0 0 0 0
1936 18 3 1 6 0 0 0 0 0
1937 18 0 0 6 0 0 0 0 0
1940 10 0 0 4 0 0 0 0 0
1941 6 0 0 2 0 0 0 0 0
1942 10 0 0 0 0 0 0 0 0
1955 8 1 1 4 0 0 0 0 0
1956 12 0 0 0 0 0 0 0 0
1957 6 0 0 2 0 0 2 0 0
1963 6 0 0 0 0 0 2 0 0
1968 10 1 1 4 0 0 0 0 0
1982 10 0 0 0 0 0 0 0 0
1986 4 0 0 0 0 0 1 0 0
1988 5 1 1 2 0 0 0 0 0
1995 5 0 0 1 0 0 0 0 0
1999 4 1 1 2 1 1 1 0 0
2000 1 1 1 0 0 0 0 0 0
2004 3 0 0 1 0 0 0 0 0
2005 10 0 0 1 0 0 0 0 0
2007 7 0 0 0 0 0 2 0 0
2019 7 1 1 2 0 0 0 0 0
2020 6 2 2 2 0 0 0 0 0
2021 8 1 1 2 1 1 0 0 0
2030 4 0 0 1 0 0 0 0 0
2045 5 0 0 2 0 0 0 0 0
2046 18 1 1 3 0 0 5 0 0
2052 2 0 0 0 0 0 0 0 0
2053 9 1 1 1 0 0 0 0 0
2061 3 0 0 1 0 0 0 0 0
2063 5 1 1 2 0 0 0 0 0
2067 2 0 0 0 0 0 0 0 0
2069 3 0 0 0 0 0 0 0 0
2073 2 0 0 0 0 0 0 0 0
2081 3 0 0 1 0 0 0 0 0
2104 10 1 1 0 0 0 2 0 0
2108 2 0 0 0 0 0 0 0 0
2109 2 0 0 0 0 0 1 0 0
2126 5 0 0 2 0 0 0 0 0
2132 2 0 0 0 0 0 1 0 0
2133 4 0 0 0 0 0 0 0 0
2134 2 0 0 0 0 0 0 0 0
2135 2 0 0 0 0 0 0 0 0
2139 10 1 1 0 0 0 2 0 0
2142 2 0 0 0 0 0 0 0 0
2154 9 0 0 2 0 0 0 0 0
2199 4 0 0 2 1 1 0 0 0
2200 25 1 1 7 0 0 12 0 0
2202 9 0 0 27 0 0 0 0 0
fn=_dl_map_object_from_fd
948 12 0 0 0 0 0 8 2 2
963 8 1 1 2 0 0 2 0 0
993 33 0 0 19 1 1 0 0 0
994 15 1 1 5 0 0 0 0 0
1012 6 1 1 2 0 0 0 0 0
1042 8 0 0 2 0 0 2 0 0
1052 10 0 0 4 0 0 0 0 0
1059 16 1 1 12 0 0 4 0 0
1060 6 0 0 0 0 0 0 0 0
1071 4 0 0 2 0 0 2 1 1
1072 6 0 0 2 0 0 2 0 0
1073 6 0 0 4 0 0 2 0 0
1075 2 0 0 0 0 0 0 0 0
1076 10 0 0 4 0 0 0 0 0
1077 6 2 1 0 0 0 2 0 0
1092 10 0 0 0 0 0 8 0 0
1094 2 0 0 0 0 0 2 0 0
1096 18 0 0 2 0 0 0 0 0
1097 2 0 0 0 0 0 0 0 0
1098 2 0 0 0 0 0 2 0 0
1099 2 0 0 0 0 0 2 0 0
1100 2 0 0 0 0 0 0 0 0
1106 61 0 0 4 0 0 0 0 0
1107 138 3 2 32 5 3 0 0 0
1113 6 2 1 2 0 0 0 0 0
1120 5 0 0 3 0 0 2 0 0
1121 6 0 0 2 0 0 2 0 0
1122 12 0 0 4 1 1 2 0 0
1127 2 0 0 1 0 0 1 0 0
1133 34 1 1 16 0 0 6 0 0
1141 12 0 0 0 0 0 0 0 0
1142 16 0 0 4 0 0 6 0 0
1143 24 0 0 8 0 0 4 0 0
1144 4 0 0 0 0 0 8 0 0
1145 12 0 0 4 2 2 0 0 0
1147 40 1 1 8 0 0 4 0 0
1149 28 1 1 8 0 0 4 0 0
1162 20 0 0 4 0 0 2 0 0
1168 12 0 0 0 0 0 4 0 0
1169 30 0 0 8 0 0 2 0 0
1182 3 1 1 1 1 1 0 0 0
1186 1 0 0 0 0 0 1 1 1
1187 2 0 0 1 0 0 1 0 0
1188 1 0 0 0 0 0 0 0 0
1191 3 0 0 0 0 0 1 0 0
1192 1 0 0 1 0 0 0 0 0
1195 1 0 0 0 0 0 2 0 0
1200 4 0 0 1 0 0 0 0 0
1215 4 0 0 2 1 1 2 0 0
1219 4 0 0 2 0 0 2 0 0
1220 4 0 0 2 1 1 2 0 0
1224 14 1 1 4 0 0 0 0 0
1234 12 0 0 0 0 0 0 0 0
1235 4 0 0 0 0 0 4 0 0
1241 6 0 0 2 0 0 0 0 0
1251 12 0 0 4 0 0 0 0 0
1258 12 0 0 4 0 0 0 0 0
1274 8 1 1 4 0 0 0 0 0
1275 6 1 1 2 0 0 2 0 0
1281 4 1 1 0 0 0 0 0 0
1282 6 0 0 2 0 0 0 0 0
1284 10 0 0 2 0 0 0 0 0
1294 6 0 0 2 0 0 0 0 0
1313 6 0 0 2 0 0 2 0 0
1315 14 1 1 6 1 0 0 0 0
1335 4 0 0 2 0 0 0 0 0
1336 3 0 0 1 0 0 1 0 0
1342 44 0 0 4 0 0 0 0 0
1343 57 0 0 17 10 10 0 0 0
1354 8 1 1 2 0 0 0 0 0
1367 6 0 0 2 0 0 0 0 0
1369 8 0 0 4 0 0 2 0 0
1371 10 0 0 4 0 0 0 0 0
1387 4 0 0 0 0 0 0 0 0
1391 6 0 0 2 0 0 0 0 0
1392 6 1 1 2 0 0 0 0 0
1409 6 0 0 2 0 0 0 0 0
1410 3 0 0 1 0 0 1 0 0
1413 16 0 0 8 0 0 8 0 0
1418 6 0 0 2 0 0 0 0 0
1423 10 1 1 4 0 0 0 0 0
1435 16 0 0 6 1 0 0 0 0
1436 6 1 1 2 0 0 0 0 0
1437 11 0 0 3 0 0 0 0 0
1438 2 0 0 1 0 0 0 0 0
1439 7 0 0 2 0 0 1 0 0
1445 4 0 0 2 0 0 0 0 0
1446 4 0 0 1 0 0 0 0 0
1451 2 0 0 0 0 0 0 0 0
1458 6 0 0 2 0 0 0 0 0
1461 6 1 1 2 0 0 0 0 0
1464 8 0 0 2 0 0 0 0 0
1466 2 0 0 0 0 0 0 0 0
1467 8 0 0 18 0 0 0 0 0
1913 3 3 1 0 0 0 27 2 2
fn=_dl_notify_new_object
908 6 0 0 0 0 0 0 0 0
910 4 0 0 0 0 0 0 0 0
911 4 0 0 2 0 0 0 0 0
917 0 0 0 0 0 0 0 0 0
928 4 2 1 0 0 0 0 0 0
932 18 0 0 8 1 0 0 0 0
933 6 0 0 0 0 0 0 0 0
935 2 0 0 12 0 0 0 0 0
1520 3 2 1 0 0 0 24 1 1
fn=_dl_process_pt_gnu_property
948 2 2 1 0 0 0 18 0 0
fn=add_name_to_object.isra.0
228 4 1 1 0 0 0 24 0 0
fn=cache_rpath
656 9 1 1 3 0 0 0 0 0
657 3 0 0 0 0 0 0 0 0
673 3 0 0 6 0 0 0 0 0
680 1 1 1 0 0 0 9 0 0
fn=decompose_rpath
655 3 1 1 0 0 0 6 0 0
fn=expand_dynamic_string_token
375 4 0 0 0 0 0 0 0 0
385 4 0 0 0 0 0 0 0 0
388 2 0 0 0 0 0 0 0 0
389 4 0 0 0 0 0 0 0 0
400 2 0 0 12 0 0 0 0 0
442 1 1 1 0 0 0 9 0 0
fn=fillin_rpath.isra.0
442 4 0 0 0 0 0 3 0 0
446 1 0 0 0 0 0 0 0 0
448 10 0 0 2 0 0 0 0 0
455 2 0 0 1 0 0 0 0 0
457 4 0 0 1 0 0 0 0 0
461 3 1 1 0 0 0 0 0 0
466 1 0 0 0 0 0 0 0 0
467 3 0 0 0 0 0 0 0 0
474 6 0 0 1 0 0 0 0 0
479 4 1 0 0 0 0 1 0 0
483 14 0 0 7 0 0 1 0 0
484 12 1 1 4 0 0 0 0 0
502 6 1 1 2 0 0 1 0 0
506 7 0 0 3 0 0 1 0 0
508 3 0 0 0 0 0 0 0 0
512 1 0 0 0 0 0 1 1 1
513 4 0 0 2 0 0 0 0 0
514 5 1 1 0 0 0 1 0 0
515 1 0 0 0 0 0 1 0 0
517 4 0 0 2 1 1 0 0 0
518 2 0 0 0 0 0 0 0 0
523 6 0 0 1 0 0 0 0 0
524 8 0 0 2 0 0 0 0 0
525 1 0 0 0 0 0 1 0 0
527 2 0 0 1 0 0 1 0 0
528 3 0 0 1 0 0 0 0 0
529 1 0 0 0 0 0 1 0 0
530 0 0 0 0 0 0 0 0 0
535 4 0 0 2 0 0 1 0 0
536 1 0 0 0 0 0 1 0 0
539 5 1 1 0 0 0 1 0 0
545 1 0 0 0 0 0 1 0 0
548 2 0 0 9 0 0 0 0 0
fn=is_trusted_path_normalize
908 2 1 1 0 0 0 12 0 0
fn=open_path
1758 5 0 0 0 0 0 3 1 1
1759 2 0 0 1 0 0 1 0 0
1762 4 0 0 0 0 0 3 0 0
1763 1 0 0 0 0 0 0 0 0
1765 2 0 0 0 0 0 0 0 0
1768 1 1 1 0 0 0 0 0 0
1770 13 0 0 4 1 1 1 0 0
1773 2 0 0 2 1 0 0 0 0
1777 1 0 0 0 0 0 0 0 0
1781 7 1 1 3 0 0 1 1 1
1788 6 1 1 4 0 0 0 0 0
1789 13 0 0 3 0 0 0 0 0
1792 3 0 0 1 0 0 0 0 0
1797 13 0 0 6 0 0 0 0 0
1800 2 1 1 1 0 0 0 0 0
1806 5 0 0 2 0 0 0 0 0
1809 9 0 0 5 0 0 2 0 0
1811 3 0 0 1 0 0 0 0 0
1813 2 0 0 0 0 0 0 0 0
1818 2 1 1 1 0 0 0 0 0
1819 9 1 1 4 1 1 0 0 0
1825 5 0 0 2 0 0 1 0 0
1827 4 0 0 0 0 0 0 0 0
1828 8 1 1 1 0 0 1 0 0
1830 1 0 0 0 0 0 0 0 0
1837 1 0 0 0 0 0 0 0 0
1883 12 2 2 2 0 0 0 0 0
1887 3 0 0 1 0 0 1 0 0
1889 5 0 0 2 0 0 1 0 0
1892 4 0 0 2 0 0 0 0 0
1906 4 0 0 9 0 0 0 0 0
fn=open_verify.constprop.0
1520 15 0 0 3 0 0 0 0 0
1552 18 0 0 6 2 1 0 0 0
1557 2 1 1 0 0 0 0 0 0
1571 12 0 0 0 0 0 0 0 0
1573 6 0 0 0 0 0 0 0 0
1581 8 0 0 2 0 0 2 0 0
1582 4 2 1 0 0 0 2 0 0
1587 8 0 0 0 0 0 0 0 0
1589 4 0 0 0 0 0 0 0 0
1591 6 0 0 2 0 0 2 0 0
1593 4 0 0 0 0 0 0 0 0
1599 4 0 0 0 0 0 0 0 0
1614 68 4 4 11 2 2 0 0 0
1695 6 0 0 2 0 0 0 0 0
1700 6 0 0 2 0 0 0 0 0
1706 10 0 0 2 0 0 0 0 0
1712 6 0 0 2 0 0 0 0 0
1718 4 0 0 2 0 0 0 0 0
1719 8 0 0 2 0 0 0 0 0
1745 12 0 0 24 0 0 0 0 0
1758 1 1 1 0 0 0 9 0 0
fl=./elf/dl-lookup-direct.c
fn=_dl_lookup_direct
74 15 0 0 3 0 0 0 0 0
75 3 1 1 3 0 0 0 0 0
76 3 0 0 0 0 0 0 0 0
78 18 0 0 9 2 0 0 0 0
79 3 0 0 0 0 0 0 0 0
81 6 0 0 3 0 0 0 0 0
84 12 0 0 3 2 2 0 0 0
86 9 0 0 0 0 0 0 0 0
87 18 1 1 0 0 0 3 0 0
90 6 0 0 0 0 0 0 0 0
93 0 0 0 0 0 0 0 0 0
116 9 0 0 27 0 0 0 0 0
fn=_dl_lookup_symbol_x
31 3 1 1 0 0 0 24 0 0
fn=check_match
31 12 0 0 3 0 0 0 0 0
32 18 0 0 6 0 0 0 0 0
33 3 0 0 0 0 0 0 0 0
36 12 1 1 6 3 3 0 0 0
40 9 0 0 0 0 0 0 0 0
48 15 0 0 0 0 0 0 0 0
51 9 0 0 6 0 0 0 0 0
53 12 0 0 3 0 0 0 0 0
57 6 0 0 6 2 0 0 0 0
58 21 0 0 6 2 0 0 0 0
59 9 0 0 3 0 0 0 0 0
64 6 0 0 24 0 0 0 0 0
74 3 1 1 0 0 0 27 0 0
fl=./elf/dl-lookup.c
fn=_dl_lookup_symbol_x
769 696 1 1 116 0 0 232 6 5
771 232 0 0 0 0 0 116 0 0
773 928 2 2 116 0 0 232 0 0
775 812 4 3 348 11 9 232 0 0
779 663 0 0 221 0 0 0 0 0
781 127 2 2 0 0 0 0 0 0
782 221 0 0 0 0 0 0 0 0
788 931 1 1 239 1 0 0 0 0
789 2777 2 2 1385 0 0 1160 6 5
794 232 0 0 0 0 0 0 0 0
796 42 1 1 7 0 0 0 0 0
813 116 0 0 0 0 0 116 0 0
814 14 1 1 0 0 0 0 0 0
817 232 0 0 116 0 0 0 0 0
818 733 0 0 104 0 0 0 0 0
853 763 0 0 109 0 0 0 0 0
867 327 3 2 109 8 4 0 0 0
868 3 1 0 0 0 0 1 0 0
870 545 0 0 218 0 0 0 0 0
889 348 0 0 1044 0 0 0 0 0
fn=_dl_rtld_di_serinfo
70 109 2 2 0 0 0 654 2 2
fn=check_match
70 545 0 0 218 0 0 0 0 0
73 1308 0 0 436 37 22 0 0 0
86 654 1 1 0 0 0 0 0 0
89 500 0 0 94 0 0 0 0 0
93 109 0 0 109 4 4 0 0 0
94 109 0 0 0 0 0 0 0 0
98 105 0 0 0 0 0 0 0 0
102 210 0 0 210 23 12 0 0 0
103 840 0 0 315 13 4 0 0 0
104 420 1 1 210 0 0 0 0 0
141 8 0 0 0 0 0 0 0 0
143 20 0 0 8 2 2 0 0 0
144 16 0 0 0 0 0 0 0 0
158 109 0 0 0 0 0 0 0 0
159 109 0 0 654 0 0 0 0 0
344 116 3 1 0 0 0 1044 6 4
fn=do_lookup_x
344 696 0 0 348 0 0 464 6 5
345 116 0 0 116 1 0 0 0 0
351 116 6 3 116 0 0 0 0 0
355 760 5 3 760 19 12 0 0 0
358 760 0 0 0 0 0 0 0 0
362 1340 0 0 496 0 0 116 0 0
383 1140 0 0 380 10 8 0 0 0
387 1372 0 0 496 12 8 0 0 0
393 760 0 0 380 1 0 0 0 0
397 728 0 0 0 0 0 116 0 0
398 380 0 0 0 0 0 760 0 0
401 2280 4 2 760 30 12 0 0 0
402 1520 0 0 760 0 0 380 0 0
405 380 0 0 380 0 0 0 0 0
406 760 0 0 0 0 0 0 0 0
408 380 0 0 380 89 68 0 0 0
410 760 0 0 380 0 0 0 0 0
412 380 0 0 0 0 0 0 0 0
413 1140 0 0 380 0 0 0 0 0
416 1900 0 0 0 0 0 0 0 0
419 222 0 0 222 66 48 0 0 0
420 333 3 2 0 0 0 111 0 0
421 333 3 2 111 0 0 0 0 0
423 222 0 0 111 0 0 0 0 0
426 960 0 0 240 82 71 0 0 0
428 218 2 2 0 0 0 0 0 0
429 2640 0 0 654 0 0 1318 0 0
433 872 0 0 545 0 0 0 0 0
436 502 0 0 0 0 0 0 0 0
450 10 1 1 10 0 0 0 0 0
467 6 1 1 2 0 0 0 0 0
473 218 0 0 0 0 0 0 0 0
480 836 0 0 109 0 0 0 0 0
484 45 2 2 18 0 0 0 0 0
496 218 0 0 109 0 0 109 0 0
497 109 0 0 0 0 0 109 0 0
498 109 0 0 0 0 0 0 0 0
515 813 0 0 0 0 0 0 0 0
518 7 1 1 0 0 0 0 0 0
519 232 0 0 1044 0 0 0 0 0
769 116 2 2 0 0 0 1044 2 1
fl=./elf/dl-minimal-malloc.c
fn=???
37 24 1 1 24 2 0 0 0 0
fn=__minimal_calloc
80 8 0 0 0 0 0 32 1 1
84 8 0 0 0 0 0 0 0 0
88 64 1 1 0 0 0 0 0 0
92 8 0 0 32 0 0 0 0 0
97 1 0 0 0 0 0 4 0 0
fn=__minimal_free
99 5 1 0 2 1 1 0 0 0
106 1 0 0 4 0 0 0 0 0
fn=__minimal_malloc
36 72 0 0 0 0 0 120 0 0
37 96 0 0 24 2 1 0 0 0
42 4 0 0 1 0 0 1 0 0
43 5 1 1 2 0 0 0 0 0
44 2 0 0 0 0 0 0 0 0
48 119 1 1 47 0 0 24 0 0
49 24 0 0 0 0 0 0 0 0
51 141 0 0 0 0 0 0 0 0
56 7 0 0 2 0 0 0 0 0
57 6 0 0 0 0 0 0 0 0
59 1 0 0 0 0 0 0 0 0
60 7 0 0 0 0 0 2 0 0
62 2 0 0 0 0 0 0 0 0
64 4 0 0 1 0 0 0 0 0
65 6 0 0 2 0 0 0 0 0
67 4 0 0 1 0 0 1 0 0
70 50 1 0 24 0 0 0 0 0
71 25 0 0 0 0 0 48 0 0
73 48 0 0 120 0 0 0 0 0
87 8 1 1 0 0 0 0 0 0
fl=./elf/dl-minimal.c
fn=__rtld_libc_freeres
43 1 1 1 1 1 0 0 0 0
fn=__rtld_malloc_init_real
76 2 0 0 0 0 0 0 0 0
86 3 0 0 1 1 1 1 0 0
87 2 0 0 0 0 0 1 0 0
88 1 0 0 0 0 0 1 0 0
89 1 0 0 0 0 0 1 0 0
91 6 0 0 1 0 0 0 0 0
92 6 0 0 1 0 0 0 0 0
93 7 0 0 1 0 0 0 0 0
94 5 1 0 1 0 0 0 0 0
99 2 0 0 1 0 0 0 0 0
100 1 0 0 0 0 0 2 0 0
102 1 0 0 0 0 0 2 0 0
103 2 0 0 5 0 0 0 0 0
fn=__rtld_malloc_init_stubs
42 1 0 0 0 0 0 1 0 0
43 3 0 0 1 0 0 0 0 0
44 3 0 0 1 0 0 2 1 1
45 2 0 0 1 1 1 0 0 0
46 3 0 0 1 0 0 2 0 0
47 2 0 0 1 0 0 0 0 0
112 3 3 0 0 0 0 0 0 0
fn=__rtld_malloc_is_complete
61 4 1 1 0 0 0 16 0 0
fn=__sigjmp_save
113 6 0 0 0 0 0 3 1 1
115 6 0 0 0 0 0 0 0 0
fn=_itoa
239 2 1 1 0 0 0 4 0 0
fn=lookup_malloc_symbol
61 12 0 0 0 0 0 0 0 0
63 8 0 0 0 0 0 4 0 0
64 32 1 1 4 0 0 16 0 0
68 20 0 0 8 0 0 0 0 0
69 48 0 0 12 0 0 0 0 0
71 4 0 0 0 0 0 4 0 0
72 12 0 0 20 0 0 0 0 0
76 1 1 1 0 0 0 5 0 0
fn=strsep
242 4 0 0 2 1 1 0 0 0
244 4 0 0 2 0 0 0 0 0
245 2 0 0 0 0 0 0 0 0
247 1 0 0 0 0 0 0 0 0
249 45 1 1 15 0 0 0 0 0
251 28 0 0 0 0 0 0 0 0
254 84 0 0 28 0 0 0 0 0
256 56 0 0 28 0 0 0 0 0
267 1 0 0 0 0 0 1 0 0
270 1 0 0 0 0 0 0 0 0
271 2 0 0 4 0 0 0 0 0
fl=./elf/dl-misc.c
fn=???
68 14 1 1 0 0 0 56 2 2
fn=__minimal_realloc
36 1 1 1 0 0 0 4 0 0
fn=_dl_name_match_p
68 28 0 0 0 0 0 0 0 0
69 42 0 0 14 0 0 0 0 0
70 3 0 0 0 0 0 0 0 0
72 14 0 0 14 0 0 0 0 0
74 29 0 0 0 0 0 0 0 0
75 90 0 0 18 0 0 0 0 0
78 15 0 0 15 0 0 0 0 0
80 11 0 0 0 0 0 0 0 0
81 14 0 0 56 0 0 0 0 0
fn=_dl_sysdep_read_whole_file
36 3 0 0 0 0 0 0 0 0
37 2 0 0 0 0 0 0 0 0
39 2 1 1 0 0 0 0 0 0
40 2 0 0 0 0 0 0 0 0
42 4 0 0 0 0 0 0 0 0
44 2 0 0 1 0 0 1 0 0
47 1 0 0 0 0 0 0 0 0
49 7 0 0 0 0 0 2 0 0
60 2 0 0 0 0 0 0 0 0
63 3 0 0 4 0 0 0 0 0
fl=./elf/dl-object.c
fn=???
33 3 3 1 3 1 1 0 0 0
fn=_dl_add_to_namespace_list
31 9 0 0 0 0 0 12 0 0
33 18 0 0 6 0 0 0 0 0
35 12 0 0 3 0 0 0 0 0
38 20 0 0 5 0 0 0 0 0
40 2 0 0 0 0 0 2 0 0
42 2 0 0 0 0 0 2 0 0
45 2 1 0 0 0 0 1 0 0
46 21 0 0 6 0 0 3 0 0
47 12 0 0 6 1 1 6 0 0
48 12 0 0 0 0 0 6 0 0
50 15 2 0 6 1 0 0 0 0
51 3 0 0 12 0 0 0 0 0
59 3 3 1 0 0 0 27 0 0
fn=_dl_new_object
59 15 0 0 0 0 0 3 0 0
62 9 0 0 3 0 0 0 0 0
64 2 1 1 0 0 0 0 0 0
66 2 1 1 1 0 0 0 0 0
67 2 0 0 1 0 0 0 0 0
71 5 1 1 2 1 1 0 0 0
77 3 0 0 0 0 0 0 0 0
80 6 0 0 4 1 0 0 0 0
83 8 0 0 0 0 0 0 0 0
87 2 0 0 0 0 0 0 0 0
92 4 0 0 0 0 0 0 0 0
95 9 0 0 0 0 0 0 0 0
98 3 0 0 0 0 0 3 1 1
99 3 0 0 0 0 0 3 3 3
100 6 0 0 0 0 0 0 0 0
102 3 0 0 0 0 0 3 0 0
103 3 0 0 0 0 0 0 0 0
104 15 0 0 0 0 0 3 1 1
106 6 0 0 0 0 0 3 0 0
119 15 0 0 5 0 0 0 0 0
123 4 0 0 0 0 0 0 0 0
125 1 0 0 0 0 0 0 0 0
127 12 0 0 6 1 1 3 0 0
130 15 1 1 6 0 0 3 0 0
131 9 0 0 0 0 0 3 3 3
132 3 0 0 0 0 0 3 0 0
136 6 0 0 3 0 0 3 0 0
139 87 0 0 1 0 0 0 0 0
141 16 0 0 0 0 0 16 2 2
149 6 0 0 0 0 0 3 3 3
150 6 0 0 0 0 0 3 0 0
153 1 1 1 0 0 0 0 0 0
155 24 1 0 9 2 1 0 0 0
157 6 0 0 0 0 0 2 0 0
160 8 0 0 0 0 0 0 0 0
164 8 0 0 2 0 0 0 0 0
168 12 0 0 2 0 0 0 0 0
176 1 1 1 0 0 0 1 0 0
179 6 0 0 0 0 0 3 0 0
189 9 0 0 3 0 0 0 0 0
191 10 0 0 0 0 0 2 0 0
195 4 0 0 0 0 0 0 0 0
200 6 0 0 0 0 0 0 0 0
245 10 0 0 2 0 0 0 0 0
250 40 0 0 0 0 0 0 0 0
251 120 0 0 40 0 0 0 0 0
255 6 0 0 0 0 0 0 0 0
256 4 0 0 0 0 0 2 0 0
259 2 0 0 0 0 0 2 0 0
263 9 0 0 27 0 0 0 0 0
fl=./elf/dl-reloc.c
fn=_dl_allocate_static_tls
353 4 1 1 4 0 0 0 0 0
fn=_dl_protect_relro
352 8 0 0 0 0 0 8 0 0
353 4 0 0 0 0 0 0 0 0
356 32 0 0 16 1 1 0 0 0
359 8 0 0 0 0 0 0 0 0
363 8 0 0 0 0 0 0 0 0
364 20 0 0 0 0 0 0 0 0
370 4 0 0 8 0 0 0 0 0
fn=_dl_reloc_bad_type
207 4 1 1 0 0 0 36 0 0
fn=_dl_relocate_object
343 6 0 0 0 0 0 6 0 0
344 12 0 0 0 0 0 0 0 0
346 3 0 0 0 0 0 0 0 0
347 6 0 0 0 0 0 0 0 0
348 3 0 0 6 0 0 0 0 0
fn=_dl_relocate_object_no_relro
170 351 1 1 117 78 72 0 0 0
171 204 1 1 0 0 0 0 0 0
174 408 0 0 102 3 0 0 0 0
175 219 5 5 7 0 0 0 0 0
177 35 0 0 14 0 0 7 0 0
178 21 1 1 7 0 0 7 0 0
182 284 0 0 94 2 0 0 0 0
184 95 0 0 0 0 0 190 0 0
186 754 1 1 285 2 1 0 0 0
187 445 0 0 0 0 0 0 0 0
188 267 0 0 89 5 0 0 0 0
190 885 0 0 95 0 0 388 0 0
193 190 1 1 95 0 0 95 0 0
194 95 0 0 0 0 0 95 0 0
196 7 0 0 7 0 0 0 0 0
207 28 0 0 4 2 1 4 0 0
217 4 0 0 0 0 0 0 0 0
218 8 0 0 0 0 0 4 0 0
220 24 2 2 0 0 0 4 0 0
223 8 0 0 0 0 0 0 0 0
225 12 0 0 12 0 0 0 0 0
226 8 0 0 0 0 0 0 0 0
246 4 1 1 0 0 0 0 0 0
247 20 0 0 4 3 0 0 0 0
250 20 0 0 8 0 0 0 0 0
257 16 0 0 4 1 0 4 0 0
296 254 5 5 75 7 0 22 0 0
298 20 0 0 4 0 0 0 0 0
299 0 0 0 0 0 0 0 0 0
305 0 0 0 0 0 0 0 0 0
307 0 0 0 0 0 0 0 0 0
308 0 0 0 0 0 0 0 0 0
321 12 0 0 4 0 0 4 0 0
324 12 0 0 4 0 0 0 0 0
338 12 0 0 36 1 0 0 0 0
344 5 1 1 5 0 0 0 0 0
fl=./elf/dl-runtime.c
fn=???
46 16 6 2 0 0 0 144 1 1
fn=_dl_fixup
46 48 0 0 0 0 0 0 0 0
48 128 0 0 48 16 12 0 0 0
49 48 4 2 32 0 0 0 0 0
54 16 0 0 16 7 5 0 0 0
55 48 0 0 16 7 5 0 0 0
56 64 0 0 16 2 1 16 0 0
58 32 0 0 16 13 6 0 0 0
63 48 0 0 0 0 0 0 0 0
67 48 0 0 16 12 10 0 0 0
69 47 1 1 0 0 0 0 0 0
71 48 0 0 16 5 5 0 0 0
75 45 5 3 30 14 9 0 0 0
76 45 0 0 15 0 0 0 0 0
77 15 0 0 15 8 4 0 0 0
84 16 0 0 0 0 0 0 0 0
85 80 0 0 16 6 4 0 0 0
95 208 1 1 32 5 5 64 1 1
99 48 0 0 16 0 0 0 0 0
109 240 0 0 64 0 0 16 0 0
124 64 0 0 16 0 0 0 0 0
125 2 1 0 0 0 0 1 0 0
133 48 1 1 16 0 0 0 0 0
159 64 0 0 32 6 5 0 0 0
162 16 2 2 16 0 0 0 0 0
163 32 0 0 144 0 0 0 0 0
fl=./elf/dl-setup_hash.c
fn=_dl_scope_free
25 4 2 1 0 0 0 16 0 0
fn=_dl_setup_hash
28 8 0 0 4 0 0 0 0 0
31 20 0 0 4 0 0 0 0 0
32 8 0 0 4 3 3 4 1 1
33 4 0 0 8 2 2 0 0 0
36 12 0 0 0 0 0 0 0 0
37 4 0 0 0 0 0 4 0 0
38 12 0 0 4 1 1 4 0 0
41 4 3 1 0 0 0 0 0 0
43 4 0 0 0 0 0 8 0 0
45 12 0 0 0 0 0 4 0 0
63 4 0 0 16 0 0 0 0 0
fl=./elf/dl-sort-maps.c
fn=_dl_setup_hash
135 8 2 2 0 0 0 48 2 2
fn=_dl_sort_maps
140 48 0 0 16 0 0 0 0 0
181 2 0 0 0 0 0 2 0 0
182 4 2 2 2 0 0 2 0 0
183 38 2 2 0 0 0 0 0 0
184 32 0 0 16 0 0 8 0 0
211 12 0 0 0 0 0 0 0 0
216 4 0 0 0 0 0 2 0 0
218 4 0 0 0 0 0 2 0 0
219 9 1 1 3 0 0 0 0 0
221 32 0 0 0 0 0 10 0 0
223 8 2 2 8 0 0 0 0 0
226 24 0 0 8 0 0 0 0 0
244 12 0 0 10 0 0 0 0 0
263 6 2 2 0 0 0 0 0 0
276 12 2 2 4 0 0 0 0 0
283 2 1 1 0 0 0 0 0 0
298 12 0 0 0 0 0 2 1 1
306 10 0 0 4 3 3 0 0 0
310 6 0 0 18 0 0 0 0 0
fn=_dl_sort_maps_init
289 1 0 0 0 0 0 0 0 0
290 5 0 0 1 0 0 0 0 0
291 3 1 0 1 1 1 1 0 0
292 3 0 0 0 0 0 0 0 0
293 2 0 0 1 0 0 0 0 0
298 2 2 1 0 0 0 18 0 0
fn=dfs_traversal.part.0
135 24 0 0 0 0 0 0 0 0
140 30 0 0 10 0 0 0 0 0
143 24 0 0 8 0 0 8 0 0
145 16 0 0 8 1 1 0 0 0
147 55 0 0 15 1 1 0 0 0
156 20 2 2 4 0 0 0 0 0
171 24 0 0 8 0 0 8 0 0
172 8 0 0 0 0 0 8 0 0
173 8 0 0 48 0 0 0 0 0
289 1 1 1 0 0 0 1 0 0
fl=./elf/dl-tls.c
fn=__thread_gscope_wait
452 1 1 1 0 0 0 4 0 0
fn=_dl_add_to_slotinfo
1163 1 0 0 0 0 0 0 0 0
1164 5 1 1 2 0 0 0 0 0
1172 1 0 0 1 0 0 0 0 0
1175 4 0 0 2 1 1 0 0 0
1176 1 0 0 0 0 0 0 0 0
1180 3 0 0 1 0 0 0 0 0
1216 1 0 0 0 0 0 0 0 0
1219 2 0 0 0 0 0 1 0 0
1220 5 1 1 2 1 0 1 0 0
1222 4 0 0 1 0 0 1 0 0
1225 1 0 0 0 0 0 0 0 0
1226 1 0 0 8 0 0 0 0 0
fn=_dl_allocate_tls_init
602 2 0 0 0 0 0 1 0 0
603 3 0 0 0 0 0 1 0 0
607 1 0 0 1 1 0 0 0 0
609 1 0 0 0 0 0 0 0 0
610 1 0 0 0 0 0 0 0 0
613 7 1 1 3 2 1 0 0 0
616 4 0 0 2 1 0 0 0 0
628 3 0 0 2 0 0 0 0 0
633 13 0 0 2 0 0 1 0 0
639 4 1 1 0 0 0 0 0 0
642 1 0 0 1 0 0 0 0 0
643 2 0 0 0 0 0 0 0 0
649 6 0 0 3 0 0 0 0 0
650 3 0 0 0 0 0 0 0 0
652 13 1 1 1 0 0 5 1 1
655 2 0 0 0 0 0 0 0 0
656 2 0 0 1 0 0 0 0 0
659 2 1 1 0 0 0 0 0 0
660 3 0 0 2 0 0 0 0 0
665 2 0 0 1 0 0 0 0 0
672 1 0 0 0 0 0 1 0 0
682 8 0 0 2 0 0 0 0 0
684 9 0 0 4 0 0 1 0 0
687 2 0 0 1 0 0 0 0 0
688 5 0 0 3 0 0 1 0 0
692 1 0 0 1 0 0 0 0 0
698 7 0 0 3 0 0 0 0 0
701 1 0 0 0 0 0 1 0 0
704 3 1 1 10 0 0 0 0 0
fn=_dl_allocate_tls_storage
91 7 0 0 2 0 0 1 0 0
97 7 0 0 2 0 0 1 0 0
515 2 0 0 1 0 0 0 0 0
517 2 0 0 0 0 0 0 0 0
527 2 0 0 0 0 0 1 1 1
529 2 0 0 0 0 0 0 0 0
530 2 0 0 0 0 0 0 0 0
535 2 0 0 4 0 0 0 0 0
602 1 1 0 0 0 0 9 0 0
fn=_dl_assign_tls_modid
153 1 0 0 0 0 0 4 0 0
156 3 0 0 1 0 0 0 0 0
209 4 0 0 2 0 0 0 0 0
211 1 0 0 0 0 0 1 0 0
214 1 0 0 0 0 0 1 0 0
215 1 0 0 4 0 0 0 0 0
222 1 1 1 1 1 1 0 0 0
fn=_dl_count_modids
222 3 0 0 1 0 0 0 0 0
223 1 0 0 1 0 0 0 0 0
238 1 0 0 0 0 0 0 0 0
363 1 1 0 1 1 1 0 0 0
fn=_dl_determine_tlsoffset
243 2 0 0 0 0 0 9 0 0
244 2 0 0 0 0 0 1 0 0
245 1 0 0 0 0 0 0 0 0
246 1 0 0 0 0 0 0 0 0
361 1 0 0 0 0 0 0 0 0
363 12 1 1 1 0 0 0 0 0
364 4 1 1 4 0 0 0 0 0
366 12 0 0 4 0 0 0 0 0
369 3 0 0 2 0 0 0 0 0
370 1 0 0 0 0 0 0 0 0
372 5 0 0 1 0 0 1 0 0
374 7 0 0 0 0 0 1 0 0
376 5 1 1 0 0 0 0 0 0
388 6 0 0 0 0 0 0 0 0
389 2 0 0 0 0 0 0 0 0
390 2 0 0 0 0 0 0 0 0
392 2 0 0 0 0 0 1 0 0
393 2 0 0 0 0 0 0 0 0
399 6 0 0 1 0 0 0 0 0
416 4 0 0 1 0 0 0 0 0
419 8 0 0 0 0 0 0 0 0
437 1 0 0 0 0 0 0 0 0
439 3 0 0 1 0 0 1 0 0
440 7 0 0 2 0 0 1 0 0
447 1 0 0 0 0 0 1 0 0
448 2 0 0 9 0 0 0 0 0
fn=_dl_get_tls_static_info
509 1 1 0 0 0 0 4 0 0
fn=_dl_resize_dtv
125 1 1 1 0 0 0 3 0 0
fn=_dl_tls_get_addr_soft
1125 1 1 1 1 1 0 0 0 0
fn=_dl_tls_initial_modid_limit_setup
1125 2 0 0 1 0 0 0 0 0
1128 9 0 0 1 0 0 0 0 0
1130 2 0 0 2 0 0 0 0 0
1131 4 0 0 0 0 0 0 0 0
1134 3 0 0 1 0 0 0 0 0
1137 3 0 0 1 0 0 1 1 0
1138 1 0 0 0 0 0 0 0 0
1163 1 1 1 0 0 0 8 0 0
fn=_dl_tls_static_surplus_init
111 4 0 0 0 0 0 0 0 0
125 2 0 0 0 0 0 0 0 0
128 6 1 1 1 0 0 0 0 0
129 5 0 0 1 0 0 0 0 0
130 4 0 0 0 0 0 0 0 0
132 3 0 0 0 0 0 0 0 0
135 1 0 0 0 0 0 0 0 0
137 3 0 0 1 1 0 1 0 0
139 4 0 0 1 0 0 1 1 1
140 2 0 0 3 0 0 0 0 0
156 1 1 1 1 1 0 0 0 0
fn=allocate_dtv
452 1 0 0 0 0 0 0 0 0
457 3 0 0 2 1 1 0 0 0
461 1 1 0 0 0 0 0 0 0
463 1 0 0 0 0 0 0 0 0
466 3 0 0 0 0 0 1 1 1
472 1 0 0 0 0 0 1 0 0
478 1 0 0 4 0 0 0 0 0
fl=./elf/dl-tunables.c
fn=__GI___tunable_set_val
300 1 1 1 1 1 1 0 0 0
fn=__GI___tunables_init
43 265 1 1 38 0 0 0 0 0
46 37 0 0 0 0 0 0 0 0
49 2423 1 1 373 14 14 0 0 0
53 74 0 0 0 0 0 0 0 0
57 185 0 0 37 0 0 0 0 0
188 111 0 0 0 0 0 0 0 0
245 8 0 0 3 0 0 0 0 0
294 2 1 1 0 0 0 9 0 0
300 4 0 0 1 0 0 0 0 0
304 6 0 0 0 0 0 1 1 1
317 888 0 0 0 0 0 0 0 0
319 888 0 0 296 1 1 0 0 0
320 594 0 0 1 0 0 0 0 0
322 592 0 0 296 8 8 0 0 0
340 4 0 0 2 1 1 0 0 0
343 24 0 0 0 0 0 0 0 0
346 24 0 0 8 0 0 0 0 0
350 8 0 0 0 0 0 0 0 0
355 2 0 0 9 0 0 0 0 0
fn=__tunable_get_default
441 23 2 1 23 4 1 0 0 0
fn=__tunable_get_val
441 161 3 1 46 24 19 0 0 0
450 60 2 0 20 7 4 10 0 0
451 10 0 0 0 0 0 0 0 0
455 78 0 0 26 7 3 13 0 0
467 253 0 0 46 2 0 0 0 0
469 23 0 0 0 0 0 0 0 0
fl=./elf/dl-tunables.h
fn=__GI___tunables_init
160 831 1 1 545 1 1 0 0 0
161 3549 1 1 37 0 0 0 0 0
fl=./elf/dl-version.c
fn=__tunable_get_val
155 4 1 0 0 0 0 36 0 0
fn=_dl_check_all_versions
401 2 0 0 0 0 0 0 0 0
403 16 0 0 4 0 0 0 0 0
404 8 0 0 4 0 0 0 0 0
405 24 0 0 0 0 0 0 0 0
408 2 0 0 6 0 0 0 0 0
fn=_dl_check_map_versions
36 32 0 0 6 0 0 0 0 0
37 5 0 0 5 0 0 0 0 0
38 39 1 1 0 0 0 0 0 0
56 36 0 0 12 1 0 0 0 0
64 30 1 1 14 0 0 2 1 0
70 18 0 0 6 0 0 0 0 0
86 6 0 0 6 0 0 0 0 0
87 12 0 0 0 0 0 0 0 0
89 12 0 0 6 0 0 0 0 0
94 189 1 1 47 11 11 6 0 0
108 141 0 0 47 5 5 0 0 0
113 48 1 1 12 0 0 0 0 0
120 123 0 0 41 3 3 0 0 0
124 41 0 0 0 0 0 0 0 0
155 8 0 0 0 0 0 0 0 0
156 18 0 0 0 0 0 9 0 0
164 3 0 0 0 0 0 0 0 0
170 12 0 0 4 0 0 0 0 0
171 2 0 0 0 0 0 1 0 0
172 24 0 0 4 1 0 0 0 0
174 4 0 0 4 1 0 0 0 0
175 4 0 0 4 0 0 0 0 0
177 8 1 1 0 0 0 0 0 0
180 6 0 0 4 0 0 0 0 0
184 6 0 0 2 2 2 0 0 0
200 6 0 0 4 0 0 0 0 0
208 4 0 0 0 0 0 0 0 0
213 10 0 0 2 1 1 10 0 0
215 4 0 0 0 0 0 0 0 0
217 18 0 0 12 1 1 0 0 0
218 69 0 0 46 1 1 4 1 0
221 12 1 1 6 0 0 6 0 0
224 36 1 1 6 0 0 0 0 0
228 4 0 0 8 0 0 0 0 0
231 30 0 0 6 0 0 0 0 0
234 12 0 0 6 0 0 0 0 0
239 4 0 0 0 0 0 0 0 0
243 6 0 0 2 0 0 0 0 0
257 14 1 1 4 0 0 0 0 0
260 6 0 0 4 0 0 0 0 0
263 210 0 0 42 2 2 0 0 0
266 124 0 0 42 1 1 0 0 0
270 40 0 0 0 0 0 0 0 0
274 6 1 1 0 0 0 0 0 0
279 3 1 1 0 0 0 3 0 0
280 3 0 0 0 0 0 0 0 0
281 9 0 0 3 0 0 0 0 0
284 3 0 0 0 0 0 0 0 0
291 3 0 0 0 0 0 3 0 0
294 23 0 0 7 1 0 3 1 0
296 6 0 0 0 0 0 0 0 0
299 6 0 0 4 0 0 0 0 0
301 0 0 0 0 0 0 0 0 0
303 8 1 1 2 0 0 2 0 0
306 6 0 0 6 0 0 0 0 0
308 18 0 0 0 0 0 0 0 0
310 18 0 0 6 0 0 0 0 0
311 18 0 0 0 0 0 14 2 2
312 18 0 0 6 0 0 6 0 0
313 18 0 0 6 0 0 6 0 0
316 18 0 0 6 0 0 0 0 0
321 4 0 0 0 0 0 0 0 0
324 6 1 1 4 0 0 0 0 0
329 0 0 0 0 0 0 0 0 0
334 6 1 1 2 0 0 0 0 0
337 44 0 0 2 0 0 0 0 0
341 40 0 0 40 0 0 0 0 0
343 126 0 0 42 0 0 0 0 0
347 40 0 0 40 0 0 0 0 0
348 200 0 0 40 0 0 40 11 11
349 120 0 0 40 0 0 40 0 0
350 40 0 0 0 0 0 40 0 0
353 126 0 0 42 0 0 0 0 0
364 156 0 0 0 0 0 0 0 0
365 156 0 0 52 0 0 0 0 0
366 24 1 1 3 1 1 6 0 0
372 6 0 0 0 0 0 0 0 0
373 4 0 0 2 0 0 0 0 0
374 4 0 0 2 0 0 0 0 0
375 0 0 0 0 0 0 0 0 0
394 12 0 0 40 0 0 0 0 0
399 1 1 1 0 0 0 6 1 0
fl=./elf/do-rel.h
fn=_dl_relocate_object_no_relro
48 8 1 1 0 0 0 0 0 0
49 16 0 0 8 0 0 0 0 0
50 16 0 0 8 0 0 0 0 0
51 12 0 0 4 0 0 0 0 0
53 24 0 0 16 0 0 0 0 0
80 16 0 0 0 0 0 0 0 0
83 97 0 0 0 0 0 0 0 0
105 12 1 1 6 1 1 0 0 0
112 24 1 1 0 0 0 0 0 0
114 2203 1 1 0 0 0 0 0 0
115 1096 0 0 1096 138 137 0 0 0
117 18 0 0 6 4 0 0 0 0
120 35 0 0 5 1 0 5 1 0
122 457 0 0 117 0 0 0 0 0
124 666 0 0 333 69 58 222 0 0
125 222 0 0 111 0 0 0 0 0
126 222 0 0 111 1 0 0 0 0
127 222 0 0 111 0 0 0 0 0
141 341 0 0 111 0 0 0 0 0
142 81 1 1 39 1 0 3 0 0
171 28 1 1 8 0 0 0 0 0
173 18 0 0 0 0 0 12 0 0
174 12 0 0 12 1 1 0 0 0
187 18 1 1 6 0 0 0 0 0
188 5 0 0 1 1 1 3 0 0
fn=_dl_start
49 4 0 0 2 0 0 0 0 0
50 4 0 0 2 0 0 0 0 0
51 5 0 0 2 0 0 0 0 0
53 12 1 1 5 0 0 3 1 1
56 40 1 1 0 0 0 0 0 0
57 18 0 0 18 3 3 0 0 0
61 15 0 0 2 0 0 2 0 0
63 4 0 0 2 1 1 0 0 0
65 4 0 0 2 0 0 0 0 0
fl=./elf/get-dynamic-info.h
fn=_dl_map_object_from_fd
39 4 0 0 0 0 0 0 0 0
43 2 0 0 0 0 0 0 0 0
45 136 0 0 46 8 8 0 0 0
49 88 0 0 0 0 0 0 0 0
54 35 0 0 0 0 0 0 0 0
55 26 0 0 0 0 0 0 0 0
56 6 0 0 0 0 0 0 0 0
57 4 0 0 0 0 0 0 0 0
59 10 0 0 0 0 0 0 0 0
62 10 0 0 0 0 0 0 0 0
64 6 0 0 0 0 0 0 0 0
68 44 1 1 0 0 0 44 7 7
72 8 1 1 0 0 0 0 0 0
84 4 0 0 2 0 0 0 0 0
85 10 0 0 4 0 0 2 0 0
86 10 0 0 4 0 0 2 0 0
87 10 0 0 4 0 0 2 0 0
88 4 0 0 2 0 0 0 0 0
89 10 1 1 4 0 0 2 0 0
90 7 0 0 3 0 0 1 0 0
91 10 0 0 4 0 0 2 0 0
106 14 0 0 4 0 0 2 0 0
110 4 0 0 2 0 0 0 0 0
113 6 0 0 2 0 0 0 0 0
126 4 1 1 2 0 0 0 0 0
127 8 0 0 4 0 0 0 0 0
129 4 0 0 2 0 0 0 0 0
130 0 0 0 0 0 0 0 0 0
147 4 0 0 2 0 0 0 0 0
152 2 0 0 1 0 0 1 0 0
154 1 0 0 0 0 0 0 0 0
155 2 0 0 0 0 0 0 0 0
156 1 0 0 0 0 0 0 0 0
157 2 0 0 0 0 0 0 0 0
158 1 0 0 0 0 0 0 0 0
159 2 0 0 0 0 0 1 0 0
162 6 1 1 2 0 0 0 0 0
164 4 0 0 2 0 0 2 0 0
165 2 0 0 0 0 0 0 0 0
166 6 0 0 0 0 0 0 0 0
174 10 0 0 4 1 1 0 0 0
180 2 0 0 0 0 0 0 0 0
181 6 0 0 1 0 0 1 0 0
184 4 0 0 2 0 0 0 0 0
186 0 0 0 0 0 0 0 0 0
fl=./elf/libc_early_init.c
fn=__libc_early_init
34 13 0 0 5 1 0 6 0 0
36 1 1 1 0 0 0 0 0 0
39 3 0 0 2 0 0 1 0 0
42 6 0 0 2 0 0 2 2 2
47 9 1 0 4 0 0 0 0 0
52 2 0 0 5 0 0 0 0 0
fn=_dl_find_object
34 1 1 1 1 1 1 0 0 0
fl=./elf/rtld.c
fn=_dl_start
457 1 0 0 0 0 0 0 0 0
461 5 1 1 2 0 0 1 0 0
478 3 0 0 0 0 0 0 0 0
479 1 0 0 0 0 0 1 0 0
480 1 0 0 0 0 0 1 0 0
481 3 0 0 1 0 0 1 0 0
490 3 0 0 1 0 0 1 0 0
496 4 0 0 1 0 0 0 0 0
498 3 1 0 1 0 0 0 0 0
519 4 0 0 0 0 0 9 2 2
545 3 0 0 1 1 1 1 0 0
548 2 0 0 0 0 0 1 1 1
549 3 1 1 1 1 1 1 0 0
565 42 4 4 12 1 1 3 0 0
567 6 1 1 4 0 0 1 0 0
585 3 0 0 9 2 0 0 0 0
852 1 1 1 0 0 0 9 0 0
fn=dl_main
197 3 0 0 0 0 0 2 0 0
199 3 0 0 0 0 0 1 1 1
206 0 0 0 0 0 0 0 0 0
209 0 0 0 0 0 0 0 0 0
224 2 1 1 2 0 0 0 0 0
225 4 0 0 2 0 0 0 0 0
226 4 1 1 0 0 0 0 0 0
227 0 0 0 0 0 0 0 0 0
297 1 0 0 0 0 0 2 0 0
299 1 0 0 0 0 0 2 0 0
300 1 0 0 0 0 0 2 1 1
302 1 0 0 0 0 0 1 0 0
303 1 0 0 0 0 0 1 0 0
820 3 1 1 2 1 0 0 0 0
824 6 0 0 4 2 1 2 0 0
833 3 0 0 1 0 0 1 0 0
838 2 0 0 0 0 0 1 0 0
1098 1 0 0 1 0 0 0 0 0
1099 1 0 0 1 0 0 0 0 0
1105 3 0 0 0 0 0 2 0 0
1107 3 0 0 1 0 0 1 0 0
1108 3 0 0 1 0 0 1 0 0
1123 1 0 0 0 0 0 1 0 0
1126 37 2 2 2 0 0 0 0 0
1127 88 2 2 19 5 4 0 0 0
1131 3 1 1 1 0 0 1 0 0
1136 4 0 0 2 0 0 1 0 0
1137 6 0 0 2 0 0 1 0 0
1146 4 0 0 1 0 0 1 1 1
1147 3 1 1 2 0 0 0 0 0
1149 6 0 0 1 0 0 5 0 0
1151 1 0 0 0 0 0 0 0 0
1159 4 0 0 2 0 0 0 0 0
1160 14 0 0 6 0 0 2 0 0
1161 4 0 0 2 0 0 0 0 0
1162 4 0 0 0 0 0 1 0 0
1164 6 0 0 2 0 0 0 0 0
1165 8 0 0 2 0 0 0 0 0
1166 6 0 0 0 0 0 1 0 0
1169 6 0 0 2 1 1 0 0 0
1170 4 0 0 2 0 0 0 0 0
1171 4 0 0 0 0 0 2 0 0
1175 10 0 0 4 0 0 2 0 0
1203 6 1 1 3 1 1 2 0 0
1207 2 0 0 1 0 0 1 1 1
1208 2 0 0 1 0 0 1 0 0
1213 20 0 0 0 0 0 0 0 0
1214 33 1 1 10 0 0 0 0 0
1226 2 0 0 1 0 0 0 0 0
1228 0 0 0 0 0 0 0 0 0
1229 2 0 0 1 0 0 0 0 0
1230 0 0 0 0 0 0 0 0 0
1231 5 0 0 2 0 0 0 0 0
1256 5 0 0 2 2 2 0 0 0
1257 3 0 0 1 0 0 0 0 0
1259 2 0 0 1 0 0 0 0 0
1261 1 1 1 0 0 0 1 0 0
1262 2 0 0 1 0 0 1 0 0
1265 3 0 0 1 0 0 1 0 0
1271 1 0 0 0 0 0 0 0 0
1272 25 0 0 0 0 0 0 0 0
1274 21 0 0 7 2 2 0 0 0
1276 11 0 0 4 0 0 0 0 0
1277 9 1 1 3 0 0 0 0 0
1278 6 0 0 0 0 0 0 0 0
1279 6 0 0 0 0 0 1 0 0
1283 8 0 0 2 1 1 0 0 0
1290 1 0 0 0 0 0 0 0 0
1291 7 1 1 1 0 0 0 0 0
1293 4 0 0 2 0 0 1 0 0
1294 2 0 0 1 0 0 1 0 0
1360 9 1 1 1 1 1 4 0 0
1365 1 0 0 0 0 0 0 0 0
1366 1 0 0 0 0 0 1 0 0
1372 1 0 0 0 0 0 0 0 0
1382 6 1 1 3 0 0 2 0 0
1383 6 0 0 3 0 0 0 0 0
1650 9 2 2 1 1 1 2 0 0
1652 3 0 0 0 0 0 0 0 0
1653 1 0 0 0 0 0 1 1 1
1654 2 0 0 1 0 0 1 0 0
1655 3 0 0 2 0 0 1 0 0
1659 2 0 0 0 0 0 0 0 0
1660 5 0 0 2 0 0 0 0 0
1685 1 1 1 0 0 0 0 0 0
1689 4 0 0 2 1 1 0 0 0
1690 5 0 0 2 0 0 0 0 0
1691 5 0 0 2 0 0 0 0 0
1692 3 0 0 1 0 0 0 0 0
1695 3 0 0 1 0 0 1 0 0
1698 3 0 0 0 0 0 2 0 0
1700 3 1 1 1 0 0 0 0 0
1701 2 0 0 0 0 0 1 0 0
1705 5 0 0 2 0 0 0 0 0
1707 2 0 0 0 0 0 0 0 0
1715 2 0 0 1 0 0 0 0 0
1716 0 0 0 0 0 0 0 0 0
1717 0 0 0 0 0 0 0 0 0
1722 2 0 0 0 0 0 0 0 0
1725 3 1 1 1 0 0 0 0 0
1750 6 1 1 2 0 0 1 0 0
1752 2 0 0 0 0 0 1 0 0
1757 3 0 0 1 0 0 0 0 0
1760 4 1 1 2 0 0 1 0 0
1761 6 0 0 2 0 0 1 0 0
1762 2 0 0 0 0 0 1 0 0
1763 1 0 0 0 0 0 1 0 0
1764 5 0 0 2 0 0 1 0 0
1765 6 1 1 2 0 0 2 0 0
1770 5 0 0 2 1 1 0 0 0
1779 3 1 1 1 0 0 0 0 0
1783 1 0 0 0 0 0 0 0 0
1784 3 0 0 1 0 0 0 0 0
1808 2 0 0 0 0 0 1 0 0
1814 3 0 0 1 0 0 0 0 0
1819 3 0 0 0 0 0 0 0 0
1824 4 1 1 2 0 0 0 0 0
1828 3 0 0 1 0 0 0 0 0
1832 7 1 1 1 1 1 0 0 0
1837 3 0 0 1 0 0 0 0 0
1853 7 0 0 1 0 0 0 0 0
1929 4 0 0 2 0 0 0 0 0
1933 7 1 1 0 0 0 0 0 0
1934 2 0 0 0 0 0 0 0 0
1937 2 1 1 0 0 0 1 0 0
1938 1 0 0 1 0 0 0 0 0
1939 2 0 0 0 0 0 0 0 0
1940 2 0 0 0 0 0 0 0 0
1945 4 1 1 2 0 0 0 0 0
1946 0 0 0 0 0 0 0 0 0
1955 10 0 0 1 1 0 1 0 0
1961 12 1 1 0 0 0 0 0 0
1962 16 0 0 8 0 0 4 0 0
1965 5 0 0 3 1 0 1 0 0
1966 1 0 0 0 0 0 0 0 0
1967 1 0 0 0 0 0 1 0 0
1969 9 0 0 0 0 0 0 0 0
1970 13 0 0 4 0 0 0 0 0
1977 8 1 1 4 0 0 1 0 0
1978 3 0 0 1 0 0 0 0 0
1980 5 1 1 1 0 0 1 0 0
1982 2 0 0 0 0 0 0 0 0
1984 5 1 0 2 1 0 0 0 0
1998 8 2 2 2 0 0 0 0 0
1999 4 0 0 1 0 0 1 0 0
2000 2 0 0 1 0 0 0 0 0
2002 0 0 0 0 0 0 0 0 0
2003 0 0 0 0 0 0 0 0 0
2010 1 1 1 0 0 0 0 0 0
2011 4 0 0 0 0 0 2 0 0
2012 6 0 0 2 0 0 0 0 0
2022 4 0 0 2 0 0 1 0 0
2023 3 0 0 1 0 0 0 0 0
2024 4 0 0 0 0 0 1 0 0
2026 2 0 0 0 0 0 0 0 0
2031 3 0 0 1 1 0 0 0 0
2230 4 0 0 1 0 0 1 0 0
2234 5 1 1 3 0 0 2 0 0
2240 2 0 0 1 0 0 1 0 0
2243 3 0 0 1 0 0 0 0 0
2255 6 0 0 2 0 0 0 0 0
2258 3 0 0 1 0 0 1 0 0
2263 4 0 0 2 0 0 0 0 0
2267 6 1 1 1 0 0 0 0 0
2276 1 0 0 1 0 0 0 0 0
2277 10 0 0 0 0 0 0 0 0
2279 8 0 0 8 2 0 0 0 0
2284 8 0 0 8 4 0 0 0 0
2286 10 0 0 0 0 0 0 0 0
2288 5 1 1 0 0 0 1 0 0
2289 1 0 0 1 0 0 0 0 0
2292 12 1 1 4 0 0 4 0 0
2294 34 0 0 9 3 0 0 0 0
2298 18 0 0 6 1 0 0 0 0
2299 3 0 0 0 0 0 0 0 0
2306 1 0 0 0 0 0 0 0 0
2312 5 1 1 2 0 0 0 0 0
2316 6 0 0 3 1 0 0 0 0
2317 0 0 0 0 0 0 0 0 0
2318 5 0 0 2 1 0 1 0 0
2325 3 1 1 1 0 0 0 0 0
2328 5 0 0 2 0 0 0 0 0
2332 8 0 0 4 1 0 0 0 0
2335 1 0 0 0 0 0 0 0 0
2340 2 0 0 1 1 0 0 0 0
2344 7 1 1 2 0 0 0 0 0
2347 1 0 0 0 0 0 0 0 0
2348 2 0 0 0 0 0 0 0 0
2351 2 0 0 0 0 0 0 0 0
2355 4 0 0 1 0 0 0 0 0
2360 5 0 0 2 1 0 0 0 0
2367 1 0 0 0 0 0 0 0 0
2371 2 0 0 0 0 0 0 0 0
2372 2 0 0 0 0 0 0 0 0
2376 3 1 1 0 0 0 0 0 0
2380 1 0 0 0 0 0 0 0 0
2385 3 0 0 9 1 0 0 0 0
2517 3 1 1 2 0 0 0 0 0
2588 2 0 0 0 0 0 1 0 0
2590 1 0 0 1 0 0 0 0 0
2592 15 0 0 0 0 0 0 0 0
2596 128 0 0 21 0 0 0 0 0
2597 2 0 0 0 0 0 0 0 0
2599 4 1 1 0 0 0 0 0 0
2605 14 0 0 2 1 0 0 0 0
2630 7 2 2 1 0 0 0 0 0
2640 7 0 0 1 0 0 0 0 0
2642 2 0 0 0 0 0 1 0 0
2643 1 0 0 0 0 0 0 0 0
2677 7 1 1 1 1 1 0 0 0
2679 2 0 0 0 0 0 1 0 0
2680 3 1 1 1 1 1 1 0 0
2681 1 0 0 0 0 0 0 0 0
2717 7 1 1 2 0 0 0 0 0
2740 6 0 0 2 0 0 1 0 0
fn=do_preload
641 1 1 0 0 0 0 2 0 0
787 3 0 0 0 0 0 0 0 0
789 1 0 0 0 0 0 0 0 0
793 1 0 0 0 0 0 2 0 0
794 1 0 0 0 0 0 1 0 0
795 2 1 1 0 0 0 1 0 0
797 3 0 0 2 1 1 0 0 0
799 8 0 0 1 0 0 1 0 0
800 2 0 0 1 0 0 0 0 0
808 4 0 0 1 0 0 0 0 0
814 2 0 0 6 0 0 0 0 0
fn=handle_preload_list
183 5 0 0 2 0 0 0 0 0
852 3 0 0 0 0 0 1 1 1
853 2 0 0 0 0 0 0 0 0
857 4 0 0 2 0 0 0 0 0
860 7 1 1 1 1 0 0 0 0
861 5 0 0 0 0 0 0 0 0
863 4 0 0 0 0 0 0 0 0
864 3 0 0 0 0 0 1 0 0
867 3 0 0 0 0 0 0 0 0
870 1 0 0 0 0 0 0 0 0
871 2 0 0 1 0 0 0 0 0
872 0 0 0 0 0 0 0 0 0
874 2 0 0 1 0 0 0 0 0
875 5 0 0 1 0 0 0 0 0
878 4 0 0 9 0 0 0 0 0
1360 1 1 1 0 0 0 9 0 0
fn=init_tls
548 1 1 1 1 1 1 0 0 0
736 4 0 0 2 2 0 1 0 0
740 2 0 0 1 1 0 0 0 0
746 1 0 0 0 0 0 0 0 0
749 1 0 0 0 0 0 1 0 0
751 1 0 0 0 0 0 0 0 0
756 1 0 0 0 0 0 2 0 0
759 2 0 0 0 0 0 0 0 0
762 1 0 0 0 0 0 0 0 0
769 1 1 1 0 0 0 0 0 0
770 2 0 0 0 0 0 0 0 0
776 2 0 0 1 0 0 1 0 0
780 4 0 0 1 0 0 1 0 0
783 2 0 0 6 0 0 0 0 0
fn=map_doit
641 2 0 0 0 0 0 0 0 0
643 1 0 0 1 0 0 0 0 0
644 9 2 1 2 0 0 3 0 0
646 2 0 0 2 0 0 0 0 0
fn=print_missing_version
787 1 1 1 0 0 0 6 0 0
fn=process_dl_debug.isra.0
734 1 1 1 0 0 0 6 0 0
fn=unload_audit_module
676 1 1 1 1 1 1 0 0 0
fn=version_check_doit
674 2 0 0 0 0 0 2 0 0
676 6 1 0 2 0 0 0 0 0
677 0 0 0 0 0 0 0 0 0
680 1 0 0 2 0 0 0 0 0
fl=./io/../include/sys/sysmacros.h
fn=__fstatat64_time64
49 140 1 1 0 0 0 0 0 0
fl=./io/../sysdeps/posix/isatty.c
fn=getwd
24 1 1 1 1 1 1 0 0 0
fn=isatty
24 10 0 0 4 0 0 2 0 0
27 2 0 0 0 0 0 0 0 0
28 11 1 0 5 0 0 0 0 0
fl=./io/../sysdeps/unix/sysv/linux/access.c
fn=access
25 1 0 0 0 0 0 1 0 0
27 8 0 0 1 1 0 1 0 0
31 1 0 0 1 0 0 0 0 0
fn=profil
27 1 0 0 0 0 0 0 0 0
fl=./io/../sysdeps/unix/sysv/linux/close_nocancel.c
fn=???
26 5 2 2 0 0 0 0 0 0
fn=__GI___close_nocancel
25 3 0 0 0 0 0 3 0 0
26 9 0 0 0 0 0 0 0 0
27 3 0 0 3 0 0 0 0 0
fn=__close_nocancel
25 2 0 0 0 0 0 2 0 0
26 6 2 2 0 0 0 0 0 0
27 2 0 0 2 0 0 0 0 0
fl=./io/../sysdeps/unix/sysv/linux/fstat64.c
fn=__fstat64_time64
65 12 0 0 0 0 0 0 0 0
70 24 1 0 6 4 4 0 0 0
fn=access
30 3 1 1 0 0 0 0 0 0
fn=fstat
30 3 2 2 0 0 0 0 0 0
fl=./io/../sysdeps/unix/sysv/linux/fstatat64.c
fn=__fstatat64_time64
50 35 1 1 0 0 0 0 0 0
52 21 0 0 0 0 0 0 0 0
55 210 5 5 56 0 0 126 0 0
56 7 0 0 14 6 6 0 0 0
57 7 0 0 14 1 1 0 0 0
58 7 0 0 7 0 0 0 0 0
59 14 0 0 7 5 5 7 3 3
60 14 0 0 7 0 0 7 0 0
61 14 1 1 7 0 0 7 0 0
62 14 2 2 7 0 0 7 0 0
63 7 0 0 7 0 0 0 0 0
64 14 0 0 7 3 3 7 0 0
65 7 0 0 7 0 0 0 0 0
66 14 0 0 7 0 0 7 0 0
67 7 0 0 7 0 0 0 0 0
68 14 0 0 7 0 0 7 0 0
69 7 0 0 7 0 0 0 0 0
70 7 0 0 7 0 0 0 0 0
71 14 0 0 7 1 1 7 0 0
146 62 0 0 15 3 3 45 3 3
161 7 0 0 0 0 0 0 0 0
162 42 0 0 117 0 0 0 0 0
fn=fstat64
146 4 1 1 0 0 0 36 2 2
fn=fstatat
146 3 1 1 0 0 0 27 5 5
fl=./io/../sysdeps/unix/sysv/linux/open.c
fn=mknodat
32 2 2 2 0 0 0 6 1 1
fn=open
32 26 0 0 12 2 2 6 0 0
35 8 0 0 0 0 0 0 0 0
38 2 1 0 0 0 0 1 0 0
39 1 0 0 1 0 0 0 0 0
40 1 0 0 0 0 0 0 0 0
43 12 1 0 0 0 0 6 0 0
44 22 0 0 12 0 0 0 0 0
fl=./io/../sysdeps/unix/sysv/linux/open64_nocancel.c
fn=__fcntl64_nocancel_adjusted
28 4 1 1 0 0 0 12 0 0
fn=__open64_nocancel
28 16 0 0 4 0 0 4 0 0
31 24 0 0 0 0 0 0 0 0
39 29 1 1 1 1 0 1 0 0
41 16 0 0 4 0 0 0 0 0
fl=./io/../sysdeps/unix/sysv/linux/read.c
fn=ppoll
25 226 2 1 0 0 0 452 0 0
fn=read
25 226 0 0 0 0 0 0 0 0
26 1130 0 0 0 0 0 678 0 0
27 452 1 1 452 0 0 0 0 0
fl=./io/../sysdeps/unix/sysv/linux/read_nocancel.c
fn=__pread64_nocancel
26 2 1 1 0 0 0 0 0 0
fn=__read_nocancel
25 2 0 0 0 0 0 2 0 0
26 6 1 1 0 0 0 0 0 0
27 2 0 0 2 0 0 0 0 0
fl=./io/../sysdeps/unix/sysv/linux/stat64.c
fn=__openat64
28 1 1 1 0 0 0 0 0 0
fn=__stat64_time64
29 4 0 0 0 0 0 0 0 0
fl=./io/../sysdeps/unix/sysv/linux/write.c
fn=utimensat
25 240 1 1 0 0 0 480 0 0
fn=write
25 240 0 0 0 0 0 0 0 0
26 1200 0 0 0 0 0 720 0 0
27 480 0 0 480 0 0 0 0 0
fl=./libio/../include/sys/sysmacros.h
fn=_IO_file_doallocate
47 3 0 0 0 0 0 0 0 0
fl=./libio/filedoalloc.c
fn=???
78 3 3 3 3 3 2 0 0 0
fn=_IO_file_doallocate
68 5 1 1 3 0 0 0 0 0
69 2 0 0 1 0 0 0 0 0
70 4 0 0 2 0 0 1 0 0
78 33 0 0 12 0 0 15 0 0
84 30 0 0 9 0 0 0 0 0
86 12 0 0 3 0 0 0 0 0
89 2 0 0 0 0 0 0 0 0
91 4 0 0 2 0 0 0 0 0
94 3 0 0 1 0 0 1 0 0
97 16 0 0 3 0 0 0 0 0
101 6 0 0 0 0 0 0 0 0
102 6 0 0 0 0 0 0 0 0
104 12 0 0 0 0 0 0 0 0
105 3 0 0 0 0 0 0 0 0
106 27 2 2 24 0 0 0 0 0
fl=./libio/fileops.c
fn=???
435 240 1 1 240 0 0 0 0 0
1149 3 2 2 3 0 0 0 0 0
1169 2 0 0 2 0 0 0 0 0
1175 240 0 0 0 0 0 1440 75 0
fn=_IO_do_write@@GLIBC_2.4
427 1446 0 0 0 0 0 0 0 0
428 242 1 1 484 0 0 0 0 0
467 226 2 1 226 0 0 0 0 0
fn=_IO_file_attach@@GLIBC_2.4
383 1 1 1 0 0 0 2 0 0
fn=_IO_file_close
1169 2 0 0 0 0 0 0 0 0
fn=_IO_file_close_it@@GLIBC_2.4
131 6 0 0 2 0 0 0 0 0
134 4 0 0 0 0 0 0 0 0
135 8 0 0 2 0 0 0 0 0
136 8 1 1 3 0 0 0 0 0
138 4 0 0 0 0 0 0 0 0
140 4 0 0 0 0 0 0 0 0
142 2 0 0 2 0 0 0 0 0
143 18 0 0 4 0 0 0 0 0
146 6 0 0 2 0 0 0 0 0
154 10 1 1 0 0 0 0 0 0
155 6 0 0 0 0 0 6 0 0
156 4 0 0 0 0 0 6 0 0
158 4 0 0 0 0 0 0 0 0
159 6 0 0 0 0 0 2 0 0
160 4 0 0 0 0 0 2 0 0
161 6 0 0 0 0 0 4 0 0
163 6 0 0 0 0 0 0 0 0
164 4 0 0 8 0 0 0 0 0
169 2 1 0 0 0 0 8 0 0
fn=_IO_file_finish@@GLIBC_2.4
169 2 0 0 0 0 0 0 0 0
170 6 0 0 2 0 0 0 0 0
176 6 2 2 0 0 0 0 0 0
177 2 0 0 8 0 0 0 0 0
183 2 2 2 0 0 0 8 0 0
fn=_IO_file_fopen@@GLIBC_2.4
214 22 0 0 10 2 2 2 0 0
215 2 0 0 0 0 0 0 0 0
223 6 0 0 2 0 0 0 0 0
225 12 1 1 2 2 2 0 0 0
228 1 1 1 0 0 0 0 0 0
229 1 0 0 0 0 0 0 0 0
238 2 0 0 0 0 0 0 0 0
246 6 4 4 0 0 0 0 0 0
248 44 3 3 6 2 0 0 0 0
282 10 0 0 0 0 0 4 0 0
285 6 0 0 0 0 0 0 0 0
288 8 0 0 2 0 0 0 0 0
289 4 0 0 0 0 0 0 0 0
358 20 0 0 22 0 0 0 0 0
fn=_IO_file_init@@GLIBC_2.4
129 2 2 2 0 0 0 8 0 0
fn=_IO_file_open
183 12 0 0 2 0 0 0 0 0
185 6 0 0 2 0 0 0 0 0
186 2 0 0 0 0 0 0 0 0
187 6 0 0 2 0 0 0 0 0
189 4 0 0 0 0 0 0 0 0
190 4 0 0 0 0 0 0 0 0
192 2 2 2 0 0 0 2 0 0
193 14 0 0 2 0 0 2 0 0
196 6 0 0 0 0 0 0 0 0
206 4 1 1 0 0 0 0 0 0
207 2 0 0 0 0 0 0 0 0
208 4 0 0 8 0 0 0 0 0
214 2 1 1 0 0 0 14 0 0
fn=_IO_file_overflow@@GLIBC_2.4
733 628 0 0 0 0 0 1256 0 0
734 628 0 0 0 0 0 0 0 0
741 1568 0 0 314 0 0 0 0 0
744 4 0 0 0 0 0 0 0 0
746 4 1 1 0 0 0 0 0 0
747 8 0 0 2 0 0 6 0 0
756 6 0 0 2 0 0 0 0 0
765 4 0 0 2 0 0 0 0 0
766 10 0 0 0 0 0 0 0 0
767 2 0 0 0 0 0 4 0 0
768 2 0 0 0 0 0 2 0 0
770 6 0 0 2 0 0 4 0 0
772 4 2 2 0 0 0 2 0 0
773 10 1 1 2 0 0 0 0 0
774 6 0 0 0 0 0 1 0 0
776 628 0 0 0 0 0 0 0 0
777 56 0 0 14 0 0 0 0 0
778 312 0 0 312 0 0 0 0 0
779 900 0 0 300 0 0 0 0 0
780 2025 0 0 450 0 0 0 0 0
782 1350 0 0 225 0 0 600 75 0
783 900 0 0 300 0 0 0 0 0
784 1500 0 0 0 0 0 0 0 0
785 10 0 0 0 0 0 0 0 0
786 2 0 0 4 0 0 0 0 0
788 300 0 0 0 0 0 0 0 0
789 314 0 0 1256 0 0 0 0 0
799 1 1 1 2 0 0 0 0 0
fn=_IO_file_read
1135 678 0 0 0 0 0 0 0 0
fn=_IO_file_seekoff_maybe_mmap
1134 226 1 1 452 0 0 0 0 0
fn=_IO_file_setbuf@@GLIBC_2.4
383 1 0 0 0 0 0 0 0 0
384 2 0 0 0 0 0 0 0 0
387 1 0 0 0 0 0 2 0 0
388 1 0 0 1 0 0 0 0 0
389 2 0 0 0 0 0 4 0 0
391 1 0 0 0 0 0 0 0 0
392 1 0 0 2 0 0 0 0 0
fn=_IO_file_setbuf_mmap
425 242 1 1 0 0 0 484 0 0
fn=_IO_file_stat
1149 3 0 0 0 0 0 0 0 0
fn=_IO_file_sync@@GLIBC_2.4
794 3 0 0 0 0 0 3 0 0
799 2 0 0 0 0 0 0 0 0
801 1 1 1 2 0 0 0 0 0
802 2 0 0 0 0 0 0 0 0
813 4 1 1 0 0 0 2 0 0
817 2 0 0 3 0 0 0 0 0
fn=_IO_file_underflow@@GLIBC_2.4
463 904 0 0 226 76 1 1130 75 0
467 452 0 0 0 0 0 0 0 0
470 678 0 0 0 0 0 0 0 0
476 678 0 0 452 0 0 0 0 0
477 452 0 0 0 0 0 0 0 0
479 678 0 0 226 0 0 0 0 0
482 2 1 1 1 0 0 0 0 0
487 2 1 1 0 0 0 0 0 0
491 680 1 1 1 0 0 0 0 0
507 452 0 0 0 0 0 0 0 0
513 452 0 0 226 0 0 226 0 0
514 226 0 0 0 0 0 452 0 0
515 452 0 0 0 0 0 678 0 0
518 1356 0 0 678 75 0 0 0 0
520 452 0 0 0 0 0 0 0 0
527 678 2 1 226 0 0 226 0 0
536 1130 0 0 452 0 0 0 0 0
538 452 0 0 452 75 0 0 0 0
539 452 0 0 1130 0 0 0 0 0
fn=_IO_file_underflow_maybe_mmap
734 314 1 1 314 0 0 0 0 0
fn=_IO_file_write@@GLIBC_2.4
1175 240 0 0 0 0 0 0 0 0
1176 480 0 0 0 0 0 0 0 0
1177 1200 1 1 0 0 0 0 0 0
1181 240 0 0 480 0 0 0 0 0
1182 1200 0 0 0 0 0 0 0 0
1183 480 0 0 0 0 0 0 0 0
1188 240 0 0 0 0 0 0 0 0
1189 240 0 0 0 0 0 0 0 0
1191 480 0 0 0 0 0 0 0 0
1192 720 0 0 480 0 0 0 0 0
1195 240 0 0 1440 0 0 0 0 0
1199 14 1 1 0 0 0 84 0 0
fn=_IO_file_xsputn@@GLIBC_2.4
1199 14 0 0 0 0 0 0 0 0
1201 2 1 1 0 0 0 0 0 0
1205 42 0 0 0 0 0 0 0 0
1206 11 0 0 0 0 0 0 0 0
1212 84 0 0 14 0 0 0 0 0
1214 38 0 0 26 0 0 0 0 0
1215 24 0 0 0 0 0 0 0 0
1218 122 0 0 0 0 0 0 0 0
1220 147 0 0 49 0 0 0 0 0
1222 12 0 0 0 0 0 0 0 0
1229 6 0 0 2 0 0 0 0 0
1233 24 0 0 0 0 0 0 0 0
1235 48 0 0 0 0 0 0 0 0
1237 48 0 0 0 0 0 12 0 0
1238 12 0 0 0 0 0 0 0 0
1239 12 0 0 0 0 0 0 0 0
1241 24 0 0 0 0 0 0 0 0
1245 98 0 0 28 0 0 0 0 0
1251 28 0 0 28 0 0 0 0 0
1252 56 1 1 0 0 0 0 0 0
1254 28 0 0 0 0 0 0 0 0
1265 28 0 0 0 0 0 0 0 0
1266 12 0 0 0 0 0 0 0 0
1268 9 0 0 0 0 0 0 0 0
1269 28 1 1 84 0 0 0 0 0
fn=_IO_new_file_init_internal
107 4 0 0 0 0 0 4 0 0
111 4 0 0 2 2 0 2 0 0
112 6 0 0 0 0 0 2 0 0
114 2 0 0 0 0 0 0 0 0
115 4 0 0 0 0 0 2 0 0
116 2 0 0 4 0 0 0 0 0
fn=decide_maybe_mmap
112 2 2 2 2 0 0 0 0 0
fn=new_do_write
433 1200 0 0 0 0 0 1200 0 0
435 480 0 0 0 0 0 0 0 0
442 960 1 1 480 0 0 0 0 0
450 1680 0 0 480 75 0 0 0 0
451 1200 0 0 240 0 0 0 0 0
453 720 0 0 240 0 0 960 0 0
454 240 0 0 0 0 0 240 0 0
455 240 0 0 0 0 0 240 0 0
456 1186 1 1 240 0 0 0 0 0
457 946 0 0 466 0 0 0 0 0
459 720 0 0 1200 0 0 0 0 0
fl=./libio/fputc.c
fn=fileno
35 921600 1 1 921600 0 0 0 0 0
fn=fputc
32 3686400 0 0 0 0 0 3686400 0 0
35 1843200 1 1 0 0 0 0 0 0
36 7373250 1 1 1843200 0 0 1842750 1180 63
41 2764575 1 1 3686400 0 0 0 0 0
fl=./libio/genops.c
fn=???
66 2 2 2 0 0 0 8 0 0
109 4 2 2 4 2 2 0 0 0
190 226 1 1 0 0 0 904 0 0
387 226 1 1 0 0 0 904 0 0
478 1 1 1 0 0 0 6 0 0
661 7 1 1 0 0 0 21 0 0
712 1 1 1 0 0 0 8 0 0
fn=_IO_cleanup
214 0 0 0 0 0 0 0 0 0
218 1 0 0 0 0 0 0 0 0
802 7 1 1 1 0 0 2 0 0
803 14 1 1 4 0 0 2 0 0
806 14 1 1 5 1 1 0 0 0
810 5 1 1 1 0 0 3 0 0
811 41 0 0 13 0 0 6 0 0
819 6 1 1 3 0 0 0 0 0
821 9 1 1 3 0 0 0 0 0
824 9 0 0 3 0 0 0 0 0
826 6 0 0 2 0 0 0 0 0
828 6 1 1 2 0 0 0 0 0
830 2 0 0 0 0 0 1 0 0
832 2 0 0 1 0 0 1 0 0
833 1 0 0 0 0 0 1 0 0
834 2 0 0 1 0 0 1 0 0
837 6 1 1 2 0 0 0 0 0
839 3 0 0 1 0 0 0 0 0
846 6 0 0 0 0 0 3 0 0
848 41 0 0 13 0 0 6 0 0
849 9 0 0 3 0 0 3 0 0
853 13 0 0 4 0 0 2 0 0
854 2 0 0 0 0 0 0 0 0
874 10 0 0 4 0 0 9 0 0
875 2 0 0 0 0 0 0 0 0
887 10 0 0 12 0 0 0 0 0
fn=_IO_default_finish
68 6 0 0 2 0 0 0 0 0
627 2 0 0 0 0 0 0 0 0
629 4 0 0 2 0 0 0 0 0
635 4 0 0 2 0 0 0 0 0
636 0 0 0 0 0 0 0 0 0
638 4 2 2 2 0 0 0 0 0
650 2 0 0 8 0 0 0 0 0
fn=_IO_default_setbuf
356 5 0 0 1 0 0 0 0 0
359 1 0 0 0 0 0 2 0 0
363 2 0 0 0 0 0 1 0 0
478 3 0 0 0 0 0 0 0 0
479 6 1 1 2 0 0 0 0 0
481 4 0 0 0 0 0 0 0 0
483 4 1 0 1 0 0 1 0 0
484 1 0 0 0 0 0 0 0 0
491 3 0 0 0 0 0 3 0 0
492 2 0 0 0 0 0 3 0 0
493 1 0 0 0 0 0 0 0 0
494 1 0 0 6 0 0 0 0 0
fn=_IO_default_sync
627 2 2 2 0 0 0 8 0 0
fn=_IO_default_uflow
387 226 0 0 0 0 0 0 0 0
388 904 0 0 452 0 0 0 0 0
389 226 0 0 0 0 0 0 0 0
391 1130 0 0 452 0 0 226 0 0
392 226 0 0 904 0 0 0 0 0
397 3 3 2 0 0 0 24 0 0
fn=_IO_default_xsputn
399 3 0 0 0 0 0 0 0 0
400 6 0 0 0 0 0 0 0 0
405 305 0 0 154 0 0 0 0 0
407 1 0 0 0 0 0 0 0 0
408 3 0 0 0 0 0 0 0 0
410 2 0 0 0 0 0 0 0 0
415 1 0 0 0 0 0 0 0 0
419 32 1 0 0 0 0 0 0 0
420 30 0 0 15 0 0 15 0 0
421 3 0 0 0 0 0 1 0 0
423 1 0 0 0 0 0 0 0 0
425 672 0 0 222 0 0 0 0 0
427 74 0 0 0 0 0 0 0 0
430 6 0 0 24 0 0 0 0 0
fn=_IO_doallocbuf
369 6 0 0 0 0 0 12 1 1
370 3 0 0 0 0 0 0 0 0
372 9 0 0 3 0 0 0 0 0
373 18 0 0 6 2 1 0 0 0
376 3 2 0 12 0 0 0 0 0
fn=_IO_enable_locks
560 2 2 2 2 2 1 0 0 0
fn=_IO_flush_all
712 10 1 1 5 0 0 1 0 0
713 2 0 0 0 0 0 0 0 0
717 7 0 0 1 1 1 2 0 0
718 14 0 0 4 1 1 2 0 0
721 14 1 1 5 0 0 0 0 0
723 5 1 1 1 0 0 3 0 0
724 41 0 0 13 2 2 6 0 0
726 18 3 3 9 1 1 0 0 0
734 42 1 1 15 0 0 6 0 0
735 12 0 0 3 0 0 3 0 0
739 13 0 0 4 0 0 2 0 0
740 2 0 0 0 0 0 0 0 0
744 10 0 0 12 0 0 0 0 0
fn=_IO_free_backup_area
227 226 0 0 226 0 0 0 0 0
fn=_IO_link_in
109 40 2 2 16 2 2 20 1 1
110 12 0 0 4 0 0 0 0 0
112 6 0 0 0 0 0 2 0 0
114 12 2 2 2 0 0 4 0 0
115 28 0 0 8 1 1 4 0 0
116 2 0 0 0 0 0 2 0 0
117 20 4 4 6 0 0 4 0 0
119 8 0 0 4 3 3 2 0 0
122 2 0 0 0 0 0 2 0 0
123 2 0 0 0 0 0 0 0 0
124 4 0 0 0 0 0 2 1 1
126 2 0 0 0 0 0 2 0 0
128 16 2 2 2 0 0 4 0 0
129 6 2 2 2 0 0 2 0 0
130 16 0 0 4 0 0 4 0 0
131 4 0 0 0 0 0 0 0 0
134 38 0 0 32 0 0 0 0 0
fn=_IO_no_init
589 6 0 0 0 0 0 0 0 0
590 2 0 0 0 0 0 0 0 0
591 2 0 0 0 0 0 2 0 0
592 4 0 0 0 0 0 0 0 0
594 2 0 0 0 0 0 2 0 0
595 2 0 0 0 0 0 0 0 0
596 2 0 0 0 0 0 4 2 2
597 2 0 0 0 0 0 2 0 0
599 2 0 0 0 0 0 4 0 0
601 2 0 0 0 0 0 4 0 0
602 2 0 0 0 0 0 2 0 0
603 2 0 0 0 0 0 4 0 0
605 2 1 1 0 0 0 2 0 0
607 4 0 0 2 0 0 2 1 1
612 6 0 0 0 0 0 0 0 0
613 4 0 0 0 0 0 2 0 0
614 2 0 0 8 0 0 0 0 0
fn=_IO_old_init
558 8 2 2 0 0 0 2 0 0
560 10 0 0 2 2 2 0 0 0
563 2 0 0 0 0 0 4 0 0
564 2 0 0 0 0 0 2 0 0
565 2 0 0 0 0 0 2 0 0
566 2 0 0 0 0 0 2 0 0
567 2 0 0 0 0 0 0 0 0
568 2 0 0 0 0 0 4 0 0
569 4 0 0 0 0 0 4 0 0
570 2 0 0 0 0 0 2 0 0
573 2 0 0 0 0 0 4 0 0
575 2 0 0 0 0 0 4 0 0
576 2 0 0 0 0 0 2 0 0
581 6 0 0 2 0 0 2 0 0
582 4 0 0 0 0 0 6 2 2
584 2 0 0 0 0 0 0 0 0
589 2 1 1 0 0 0 8 0 0
fn=_IO_seekmark
971 2 1 1 2 0 0 0 0 0
fn=_IO_setb
355 20 0 0 0 0 0 0 0 0
356 19 0 0 10 0 0 0 0 0
357 2 0 0 0 0 0 0 0 0
359 5 0 0 0 0 0 10 0 0
360 5 0 0 0 0 0 0 0 0
361 10 0 0 2 0 0 3 0 0
363 4 0 0 0 0 0 2 0 0
364 5 0 0 30 0 0 0 0 0
370 3 2 2 3 0 0 0 0 0
fn=_IO_sputbackc
661 14 0 0 0 0 0 0 0 0
664 49 0 0 21 0 0 0 0 0
665 35 1 1 7 0 0 0 0 0
667 21 0 0 0 0 0 7 0 0
674 14 0 0 0 0 0 7 0 0
677 14 0 0 21 0 0 0 0 0
fn=_IO_switch_to_get_mode
190 226 0 0 0 0 0 0 0 0
191 678 0 0 452 0 0 0 0 0
194 678 1 1 226 0 0 0 0 0
198 452 0 0 226 0 0 226 0 0
199 452 0 0 226 0 0 0 0 0
200 452 0 0 0 0 0 0 0 0
202 226 0 0 0 0 0 226 0 0
204 452 0 0 0 0 0 452 0 0
206 452 0 0 0 0 0 226 0 0
207 226 0 0 0 0 0 0 0 0
208 226 1 1 904 0 0 0 0 0
fn=_IO_un_link
68 8 0 0 0 0 0 0 0 0
104 4 0 0 0 0 0 0 0 0
fn=_IO_unsave_markers
214 0 0 0 0 0 0 0 0 0
969 4 0 0 0 0 0 4 0 0
971 2 0 0 0 0 0 0 0 0
973 0 0 0 0 0 0 0 0 0
976 4 0 0 2 0 0 0 0 0
978 2 0 0 4 0 0 0 0 0
fn=__GI__IO_un_link.part.0
66 22 0 0 10 4 4 2 0 0
68 4 1 1 4 0 0 0 0 0
72 14 2 2 2 2 2 4 0 0
73 30 2 2 8 2 2 4 0 0
74 6 2 2 2 0 0 2 0 0
75 30 4 4 10 0 0 4 0 0
77 10 0 0 4 4 3 0 0 0
81 2 0 0 2 0 0 0 0 0
82 2 2 2 2 0 0 0 0 0
83 2 0 0 0 0 0 2 0 0
84 2 0 0 0 0 0 0 0 0
85 2 0 0 0 0 0 2 2 2
96 6 0 0 2 0 0 2 0 0
98 24 2 2 8 0 0 4 0 0
99 6 0 0 2 0 0 2 0 0
100 18 0 0 4 0 0 4 0 0
101 4 0 0 0 0 0 0 0 0
104 18 0 0 16 0 0 0 0 0
fn=__libio_freemem
874 1 1 1 1 1 1 0 0 0
fn=__overflow
225 452 1 1 0 0 0 452 0 0
227 226 0 0 0 0 0 0 0 0
228 0 0 0 0 0 0 0 0 0
229 678 0 0 452 150 0 0 0 0
230 452 0 0 452 0 0 0 0 0
fn=__uflow
325 452 0 0 0 0 0 904 1 1
326 678 1 1 0 0 0 0 0 0
331 678 0 0 226 0 0 0 0 0
334 678 0 0 452 0 0 0 0 0
336 678 0 0 226 0 0 0 0 0
342 452 0 0 226 0 0 0 0 0
344 0 0 0 0 0 0 0 0 0
347 678 0 0 226 0 0 0 0 0
349 904 0 0 452 151 0 0 0 0
350 226 0 0 904 0 0 0 0 0
355 5 1 0 0 0 0 30 0 0
fn=__underflow
326 226 2 1 226 0 0 0 0 0
fl=./libio/getc.c
fn=fseek
34 921601 1 1 0 0 0 3686404 0 0
fn=getc
34 921601 0 0 0 0 0 0 0 0
37 2764803 0 0 921601 1 0 0 0 0
38 6451432 1 1 2764578 1181 63 921376 0 0
43 1842977 1 1 3686404 0 0 0 0 0
fl=./libio/iofclose.c
fn=_IO_file_doallocate
34 2 2 2 0 0 0 12 0 0
fn=fclose@@GLIBC_2.4
34 6 0 0 2 2 2 0 0 0
48 6 0 0 2 0 0 0 0 0
49 2 2 2 0 0 0 0 0 0
51 34 2 2 10 0 0 4 0 0
52 4 0 0 0 0 0 0 0 0
53 6 1 1 0 0 0 0 0 0
57 10 2 2 4 0 0 0 0 0
58 6 0 0 2 0 0 0 0 0
71 6 0 0 2 0 0 0 0 0
76 4 0 0 12 0 0 0 0 0
fl=./libio/iofopen.c
fn=__fopen_internal
37 6 2 2 2 0 0 0 0 0
57 8 0 0 0 0 0 0 0 0
65 4 0 0 0 0 0 0 0 0
67 4 2 2 0 0 0 0 0 0
70 4 0 0 0 0 0 2 2 2
72 20 0 0 2 2 2 2 0 0
73 4 0 0 0 0 0 2 0 0
74 4 0 0 0 0 0 0 0 0
75 12 0 0 0 0 0 0 0 0
81 6 0 0 14 0 0 0 0 0
fn=__fopen_maybe_mmap
57 2 2 2 0 0 0 14 0 0
fl=./libio/iofopen64.c
fn=fgetpos64@@GLIBC_2.4
37 2 2 2 0 0 0 0 0 0
fn=fopen64
37 2 0 0 0 0 0 0 0 0
fl=./libio/ioputs.c
fn=_IO_proc_close@@GLIBC_2.4
33 1 1 1 0 0 0 5 0 0
fn=puts
33 5 0 0 1 1 1 0 0 0
35 2 0 0 0 0 0 0 0 0
36 20 2 2 8 2 2 2 0 0
38 2 0 0 0 0 0 0 0 0
39 3 0 0 1 0 0 0 0 0
40 7 0 0 2 0 0 0 0 0
41 13 1 1 3 0 0 0 0 0
42 1 0 0 0 0 0 0 0 0
46 3 0 0 5 0 0 0 0 0
fl=./libio/libioP.h
fn=_IO_cleanup
1036 3 0 0 1 0 0 0 0 0
1037 2 0 0 0 0 0 0 0 0
fn=_IO_default_finish
1049 0 0 0 0 0 0 0 0 0
fn=_IO_default_setbuf
1036 3 0 0 1 1 1 0 0 0
1037 2 0 0 0 0 0 0 0 0
fn=_IO_default_uflow
1036 678 0 0 226 76 0 0 0 0
1037 452 0 0 0 0 0 0 0 0
fn=_IO_default_xsputn
1036 86 1 1 3 2 2 0 0 0
1037 148 0 0 0 0 0 0 0 0
fn=_IO_doallocbuf
1036 9 0 0 3 3 3 0 0 0
1037 6 0 0 0 0 0 0 0 0
fn=_IO_file_close_it@@GLIBC_2.4
1036 6 0 0 2 2 1 0 0 0
1037 4 2 2 0 0 0 0 0 0
fn=_IO_file_doallocate
1036 9 0 0 3 0 0 0 0 0
1037 6 2 2 0 0 0 0 0 0
fn=_IO_file_underflow@@GLIBC_2.4
1036 678 2 1 226 0 0 0 0 0
1037 452 0 0 0 0 0 0 0 0
1049 0 0 0 0 0 0 0 0 0
fn=_IO_file_xsputn@@GLIBC_2.4
1036 42 0 0 14 2 2 0 0 0
1037 28 0 0 0 0 0 0 0 0
1040 24 1 0 0 0 0 0 0 0
fn=_IO_flush_all
1036 2 0 0 1 0 0 0 0 0
fn=__overflow
1036 678 0 0 226 75 0 0 0 0
1037 452 0 0 0 0 0 0 0 0
fn=__uflow
1036 678 0 0 226 76 1 0 0 0
1037 452 0 0 0 0 0 0 0 0
fn=fclose@@GLIBC_2.4
962 8 2 2 8 4 4 0 0 0
963 24 0 0 4 0 0 0 0 0
969 4 0 0 0 0 0 0 0 0
990 10 0 0 2 0 0 0 0 0
991 20 0 0 8 2 2 4 0 0
1036 6 0 0 2 0 0 0 0 0
1037 4 0 0 0 0 0 0 0 0
fn=new_do_write
1036 720 0 0 240 75 1 0 0 0
1037 480 0 0 0 0 0 0 0 0
fn=puts
990 3 0 0 1 0 0 0 0 0
991 11 0 0 4 0 0 2 0 0
1036 3 1 1 1 0 0 0 0 0
1037 2 0 0 0 0 0 0 0 0
fl=./libio/stdfiles.c
fn=_IO_stdfiles_init
67 12 0 0 4 3 0 0 0 0
68 3 0 0 0 0 0 0 0 0
69 3 0 0 0 0 0 3 2 0
70 1 0 0 0 0 0 0 0 0
fn=check_stdfiles_vtables
67 1 1 0 1 0 0 0 0 0
fl=./libio/vtables.c
fn=_init_first
545 1 1 0 1 1 1 0 0 0
fn=check_stdfiles_vtables
545 1 0 0 0 0 0 0 0 0
546 8 0 0 4 2 0 0 0 0
547 5 1 0 3 1 1 0 0 0
548 6 0 0 3 1 0 0 0 0
550 1 0 0 0 0 0 0 0 0
fl=./malloc/../include/random-bits.h
fn=ptmalloc_init.part.0
34 1 0 0 0 0 0 0 0 0
fl=./malloc/../string/bits/string_fortified.h
fn=tcache_init.part.0
59 4 0 0 0 0 0 0 0 0
fl=./malloc/../sysdeps/unix/sysv/linux/not-cancel.h
fn=ptmalloc_init.part.0
100 4 0 0 0 0 0 0 0 0
fl=./malloc/arena.c
fn=_int_free_create_chunk
262 1 1 1 0 0 0 3 0 0
fn=free
153 16 4 4 4 0 0 0 0 0
fn=malloc
153 8 0 0 0 0 0 0 0 0
264 1 1 1 0 0 0 0 0 0
fn=ptmalloc_init.part.0
262 10 1 1 5 1 1 1 0 0
267 4 0 0 1 0 0 1 0 0
292 4 1 1 2 0 0 0 0 0
293 0 0 0 0 0 0 0 0 0
296 10 0 0 3 0 0 1 1 0
300 5 0 0 1 1 1 0 0 0
301 5 0 0 1 0 0 0 0 0
302 5 0 0 1 0 0 0 0 0
303 5 0 0 1 0 0 0 0 0
304 5 1 1 1 0 0 0 0 0
305 5 0 0 1 0 0 0 0 0
306 5 0 0 1 0 0 0 0 0
308 5 0 0 1 0 0 0 0 0
309 5 0 0 1 0 0 0 0 0
310 5 1 1 1 0 0 0 0 0
313 5 0 0 1 0 0 0 0 0
314 5 0 0 1 0 0 0 0 0
316 4 0 0 2 1 1 0 0 0
326 9 0 0 7 0 0 0 0 0
fl=./malloc/malloc.c
fn=__glibc_morecore
2959 2 1 1 0 0 0 12 0 0
fn=__malloc_fork_unlock_child
3385 5 1 1 0 0 0 30 0 0
fn=_int_free_chunk
1794 4 0 0 2 2 2 0 0 0
1796 2 0 0 2 2 2 0 0 0
2534 1 1 1 0 0 0 9 0 0
4574 8 0 0 0 0 0 0 0 0
4582 4 0 0 0 0 0 0 0 0
4658 6 2 2 2 0 0 0 0 0
4661 8 0 0 4 0 0 0 0 0
4664 0 0 0 0 0 0 0 0 0
4665 0 0 0 0 0 0 0 0 0
4667 8 2 2 0 0 0 0 0 0
4679 2 0 0 12 0 0 0 0 0
fn=_int_free_create_chunk
4755 8 0 0 2 0 0 0 0 0
4756 6 0 0 2 0 0 0 0 0
4813 2 2 2 0 0 0 0 0 0
4814 4 0 0 0 0 0 2 0 0
4815 2 0 0 0 0 0 2 0 0
4820 2 0 0 12 0 0 0 0 0
fn=_int_free_maybe_consolidate.part.0
4707 2 2 2 0 0 0 12 0 0
4826 26 1 1 10 0 0 20 0 0
4835 6 0 0 2 0 0 0 0 0
4838 8 0 0 2 2 2 0 0 0
4841 16 1 1 8 2 2 0 0 0
4842 18 0 0 10 0 0 0 0 0
4855 4 0 0 18 0 0 0 0 0
fn=_int_free_merge_chunk
1994 10 0 0 4 4 2 0 0 0
4574 2 2 2 0 0 0 12 0 0
4707 2 0 0 0 0 0 0 0 0
4708 2 0 0 0 0 0 0 0 0
4712 6 0 0 2 2 2 0 0 0
4715 16 2 2 2 0 0 0 0 0
4717 6 4 4 2 0 0 0 0 0
4720 6 0 0 2 0 0 0 0 0
4723 2 0 0 0 0 0 0 0 0
4724 4 0 0 0 0 0 0 0 0
4725 6 0 0 2 2 2 0 0 0
4731 6 0 0 2 0 0 0 0 0
4742 12 0 0 0 0 0 2 0 0
4744 8 0 0 12 0 0 0 0 0
4833 4 0 0 0 0 0 0 0 0
fn=_int_malloc
1328 10 0 0 0 0 0 0 0 0
1347 25 0 0 0 0 0 0 0 0
1794 10 0 0 5 3 3 0 0 0
1796 5 0 0 5 0 0 0 0 0
3307 1 1 1 0 0 0 4 0 0
3904 5 0 0 0 0 0 0 0 0
3945 10 0 0 0 0 0 0 0 0
3972 10 0 0 0 0 0 0 0 0
3992 15 3 3 0 0 0 0 0 0
4035 10 2 2 0 0 0 0 0 0
4037 6 1 1 0 0 0 0 0 0
4038 4 1 1 0 0 0 0 0 0
4040 6 0 0 2 0 0 0 0 0
4097 30 1 1 0 0 0 0 0 0
4098 9 0 0 3 2 1 0 0 0
4116 22 1 1 0 0 0 5 0 0
4117 15 1 1 0 0 0 5 0 0
4118 47 1 1 23 3 3 0 0 0
4128 25 0 0 5 3 2 0 0 0
4315 20 2 2 0 0 0 0 0 0
4317 12 0 0 0 0 0 0 0 0
4320 9 0 0 3 2 2 0 0 0
4388 5 0 0 0 0 0 0 0 0
4389 10 0 0 0 0 0 0 0 0
4390 5 0 0 0 0 0 0 0 0
4391 10 0 0 5 1 1 0 0 0
4392 20 2 2 0 0 0 0 0 0
4397 20 0 0 0 0 0 0 0 0
4401 27 0 0 0 0 0 0 0 0
4404 8 0 0 4 0 0 0 0 0
4501 5 0 0 5 0 0 0 0 0
4502 10 0 0 5 0 0 0 0 0
4504 15 0 0 5 0 0 0 0 0
4507 15 2 2 0 0 0 0 0 0
4509 8 0 0 0 0 0 0 0 0
4510 4 0 0 0 0 0 0 0 0
4511 4 0 0 0 0 0 4 0 0
4512 32 2 2 4 3 3 4 0 0
4514 8 0 0 0 0 0 4 3 3
4517 4 0 0 0 0 0 0 0 0
4518 12 0 0 0 0 0 0 0 0
4519 4 0 0 0 0 0 0 0 0
4524 3 0 0 1 0 0 0 0 0
4539 3 1 1 0 0 0 0 0 0
4540 3 0 0 0 0 0 0 0 0
4541 3 0 0 0 0 0 0 0 0
4545 15 2 0 45 0 0 0 0 0
fn=_mid_memalign.isra.0
3441 4 2 2 0 0 0 0 0 0
fn=alloc_perturb
1987 15 0 0 5 3 2 0 0 0
1989 5 0 0 0 0 0 0 0 0
fn=free
3165 4 0 0 0 0 0 2 0 0
3167 6 0 0 2 2 2 2 0 0
3168 2 0 0 0 0 0 2 0 0
3169 4 0 0 0 0 0 2 0 0
3252 8 0 0 0 0 0 0 0 0
3253 44 2 2 20 2 2 0 0 0
3262 12 0 0 6 0 0 0 0 0
3265 12 0 0 6 2 2 0 0 0
3271 2 0 0 0 0 0 0 0 0
3437 8 0 0 0 0 0 32 0 0
3441 4 0 0 0 0 0 0 0 0
3449 20 0 0 12 4 4 0 0 0
3451 4 0 0 0 0 0 0 0 0
3453 12 0 0 4 0 0 0 0 0
3470 28 0 0 12 4 4 0 0 0
3479 16 0 0 8 0 0 4 0 0
3480 8 0 0 32 0 0 0 0 0
4558 12 0 0 0 0 0 0 0 0
4559 8 0 0 0 0 0 0 0 0
4563 8 0 0 0 0 0 0 0 0
4690 4 0 0 0 0 0 0 0 0
4699 10 2 2 0 0 0 0 0 0
fn=int_mallinfo
1987 5 2 2 5 3 3 0 0 0
fn=malloc
1328 10 0 0 0 0 0 0 0 0
1347 20 1 1 0 0 0 0 0 0
3180 2 0 0 1 1 1 0 0 0
3184 2 0 0 0 0 0 0 0 0
3188 3 0 0 1 1 1 1 0 0
3192 2 0 0 0 0 0 1 0 0
3193 1 0 0 0 0 0 1 0 0
3215 25 0 0 10 4 4 0 0 0
3216 3 0 0 1 0 0 0 0 0
3217 4 0 0 2 1 1 0 0 0
3313 3 1 1 1 0 0 0 0 0
3359 20 0 0 0 0 0 0 0 0
3361 35 0 0 15 1 1 0 0 0
3385 5 0 0 0 0 0 0 0 0
3392 25 0 0 10 6 5 0 0 0
3404 20 1 1 8 0 0 0 0 0
3406 16 3 3 4 0 0 0 0 0
3407 24 0 0 4 0 0 0 0 0
3432 10 0 0 30 0 0 0 0 0
fn=malloc_consolidate
4755 2 2 2 0 0 0 12 0 0
fn=ptmalloc_init.part.0
1948 254 0 0 0 0 0 0 0 0
1950 127 0 0 0 0 0 0 0 0
1951 254 0 0 0 0 0 254 16 16
1959 4 0 0 1 0 0 1 0 0
1960 4 1 1 1 0 0 1 1 0
1962 2 0 0 0 0 0 1 0 0
3145 2 0 0 0 0 0 0 0 0
fn=sysmalloc
2010 12 0 0 4 1 1 0 0 0
2534 13 1 1 6 1 1 1 0 0
2554 4 0 0 3 0 0 1 0 0
2555 1 0 0 0 0 0 0 0 0
2565 3 0 0 0 0 0 0 0 0
2566 5 0 0 2 0 0 0 0 0
2590 2 0 0 1 0 0 0 0 0
2591 2 0 0 1 0 0 0 0 0
2592 1 0 0 0 0 0 0 0 0
2601 6 1 1 0 0 0 0 0 0
2610 4 0 0 1 0 0 0 0 0
2671 5 0 0 2 0 0 0 0 0
2679 2 1 1 1 0 0 0 0 0
2680 2 0 0 0 0 0 0 0 0
2693 5 1 1 2 0 0 0 0 0
2701 5 0 0 1 0 0 0 0 0
2709 3 0 0 0 0 0 1 0 0
2711 2 1 1 0 0 0 0 0 0
2712 3 0 0 0 0 0 0 0 0
2746 5 1 1 2 1 1 0 0 0
2747 2 1 1 0 0 0 1 0 0
2748 5 0 0 2 0 0 1 0 0
2754 2 0 0 0 0 0 0 0 0
2757 9 2 2 2 1 0 0 0 0
2784 1 1 1 1 0 0 0 0 0
2785 2 0 0 0 0 0 1 0 0
2791 1 0 0 0 0 0 0 0 0
2792 0 0 0 0 0 0 0 0 0
2797 1 0 0 0 0 0 0 0 0
2807 1 0 0 0 0 0 0 0 0
2808 3 0 0 0 0 0 0 0 0
2816 2 0 0 0 0 0 0 0 0
2819 2 0 0 0 0 0 0 0 0
2820 7 1 1 1 0 0 0 0 0
2822 2 0 0 0 0 0 0 0 0
2823 4 0 0 0 0 0 2 0 0
2835 5 0 0 2 0 0 1 0 0
2877 3 0 0 1 0 0 1 0 0
2878 5 0 0 1 0 0 1 1 1
2879 3 0 0 1 0 0 1 0 0
2890 2 1 1 0 0 0 0 0 0
2923 2 1 1 1 0 0 0 0 0
2924 2 0 0 0 0 0 1 0 0
2929 2 0 0 1 0 0 0 0 0
2932 2 0 0 0 0 0 0 0 0
2934 1 0 0 0 0 0 0 0 0
2935 1 0 0 0 0 0 0 0 0
2936 1 0 0 0 0 0 1 0 0
2937 8 1 1 1 0 0 1 0 0
2938 2 0 0 0 0 0 1 1 1
2940 1 0 0 0 0 0 0 0 0
2946 9 0 0 13 0 0 0 0 0
3263 4 1 1 0 0 0 1 0 0
3904 5 2 2 0 0 0 45 0 0
fn=systrim.constprop.0
2959 4 0 0 2 0 0 0 0 0
2968 10 0 0 6 2 1 0 0 0
2970 2 0 0 0 0 0 0 0 0
2971 4 2 2 0 0 0 0 0 0
2972 2 0 0 0 0 0 0 0 0
2976 8 0 0 4 0 0 0 0 0
2977 2 0 0 0 0 0 0 0 0
2980 10 0 0 6 3 3 0 0 0
2982 2 0 0 0 0 0 0 0 0
3022 2 0 0 12 0 0 0 0 0
4826 2 1 1 2 2 2 0 0 0
fn=tcache_init.part.0
3316 28 1 1 6 1 1 3 0 0
3317 3 0 0 0 0 0 0 0 0
3318 2 0 0 0 0 0 0 0 0
3326 8 0 0 1 0 0 1 0 0
3335 4 1 1 2 1 1 1 0 0
3339 1 0 0 4 0 0 0 0 0
fl=./malloc/morecore.c
fn=__glibc_morecore
26 8 0 0 4 1 0 0 0 0
29 2 0 0 0 0 0 0 0 0
30 4 0 0 0 0 0 0 0 0
34 2 0 0 4 0 0 0 0 0
fn=sysmalloc_mmap.isra.0
25 2 1 1 0 0 0 4 0 0
fl=./malloc/scratch_buffer_set_array_size.c
fn=__libc_scratch_buffer_set_array_size
30 4 0 0 0 0 0 0 0 0
31 2 0 0 0 0 0 0 0 0
34 4 0 0 0 0 0 0 0 0
35 8 1 1 0 0 0 0 0 0
45 6 0 0 2 0 0 0 0 0
46 2 0 0 0 0 0 0 0 0
63 2 0 0 8 0 0 0 0 0
fn=__write_nocancel
30 2 1 1 0 0 0 8 0 0
fl=./misc/../sysdeps/unix/syscall-template.S
fn=???
120 5 1 1 0 0 0 5 0 0
fn=mmap
120 6 1 0 0 0 0 6 0 0
fn=mprotect
120 24 0 0 6 0 0 0 0 0
122 12 0 0 0 0 0 0 0 0
fn=munmap
120 20 0 0 5 0 0 0 0 0
122 10 1 0 0 0 0 0 0 0
fl=./misc/../sysdeps/unix/sysv/linux/brk.c
fn=__atomic_wide_counter_load_relaxed
36 2 1 1 2 1 1 0 0 0
fn=brk
36 6 0 0 0 0 0 2 0 0
37 6 1 0 4 0 0 2 0 0
38 4 0 0 0 0 0 0 0 0
44 4 0 0 0 0 0 0 0 0
45 2 0 0 2 0 0 0 0 0
fl=./misc/../sysdeps/unix/sysv/linux/brk_call.h
fn=brk
24 4 0 0 0 0 0 0 0 0
fl=./misc/../sysdeps/unix/sysv/linux/mmap.c
fn=__atomic_wide_counter_load_relaxed
35 9 1 1 0 0 0 27 0 0
fn=mmap
35 9 0 0 9 0 0 0 0 0
38 18 1 1 0 0 0 0 0 0
42 63 0 0 9 0 0 0 0 0
48 9 0 0 27 0 0 0 0 0
fl=./misc/../sysdeps/unix/sysv/linux/setvmaname.c
fn=???
35 1 1 1 1 1 1 0 0 0
fn=__set_vma_name
33 5 0 0 0 0 0 4 0 0
35 3 0 0 1 1 0 0 0 0
40 6 0 0 1 0 0 0 0 0
42 0 0 0 0 0 0 0 0 0
47 4 1 0 1 0 0 1 0 0
49 2 0 0 4 0 0 0 0 0
fl=./misc/init-misc.c
fn=???
30 1 1 1 0 0 0 4 0 0
fn=__init_misc
30 2 0 0 1 1 1 0 0 0
31 4 0 0 1 0 0 0 0 0
33 3 1 0 0 0 0 0 0 0
34 1 0 0 0 0 0 0 0 0
37 2 0 0 1 0 0 0 0 0
38 6 0 0 4 0 0 2 1 0
40 1 0 0 4 0 0 0 0 0
fl=./misc/sbrk.c
fn=revoke
43 2 1 1 2 1 1 0 0 0
fn=sbrk
37 8 0 0 2 0 0 8 0 0
40 6 1 1 6 0 0 0 0 0
43 6 0 0 2 0 0 0 0 0
45 0 0 0 0 0 0 0 0 0
58 2 0 0 0 0 0 0 0 0
59 4 1 0 0 0 0 0 0 0
62 4 0 0 0 0 0 0 0 0
63 2 0 0 1 0 0 0 0 0
66 3 0 0 0 0 0 0 0 0
74 3 0 0 0 0 0 0 0 0
78 4 0 0 8 0 0 0 0 0
fl=./nptl/alloca_cutoff.c
fn=__libc_alloca_cutoff
28 49 2 1 7 1 1 0 0 0
35 35 0 0 0 0 0 0 0 0
fn=__libc_dlerror_result_free
28 7 1 1 0 0 0 0 0 0
fl=./nptl/cancellation.c
fn=???
30 468 2 2 0 0 0 1872 0 0
fn=__internal_syscall_cancel
30 1404 0 0 0 0 0 0 0 0
32 468 0 0 0 0 0 0 0 0
37 936 0 0 468 151 0 0 0 0
38 1872 1 1 936 302 1 0 0 0
40 2340 0 0 1404 0 0 0 0 0
64 936 0 0 1872 0 0 0 0 0
74 468 1 1 0 0 0 936 0 0
fn=__syscall_cancel
74 468 0 0 0 0 0 0 0 0
75 3276 0 0 1404 0 0 1404 151 1
79 936 0 0 0 0 0 0 0 0
80 936 0 0 936 0 0 0 0 0
fl=./nptl/libc-cleanup.c
fn=__futex_lock_pi64
25 8 4 3 0 0 0 0 0 0
fn=__libc_cleanup_pop_restore
55 8 0 0 0 0 0 0 0 0
57 24 0 0 8 0 0 8 0 0
59 16 0 0 8 0 0 0 0 0
60 16 0 0 8 0 0 0 0 0
61 0 0 0 0 0 0 0 0 0
74 8 3 2 16 0 0 0 0 0
fn=__libc_cleanup_push_defer
27 24 0 0 8 3 3 8 0 0
29 16 0 0 8 2 1 0 0 0
32 16 0 0 0 0 0 0 0 0
44 8 0 0 0 0 0 8 0 0
46 8 0 0 0 0 0 0 0 0
48 16 0 0 0 0 0 8 0 0
54 8 3 2 0 0 0 16 0 0
fl=./nptl/pthread_mutex_conf.c
fn=__pthread_tunables_init
55 10 1 0 4 0 0 3 0 0
56 5 0 0 1 0 0 0 0 0
58 5 0 0 1 0 0 0 0 0
60 5 0 0 1 0 0 0 0 0
62 9 0 0 6 0 0 0 0 0
fn=_dl_tunable_set_stack_hugetlb
55 1 1 1 1 1 1 0 0 0
fl=./nptl/pthread_mutex_lock.c
fn=__pthread_mutex_lock_full
77 1 1 1 0 0 0 4 1 1
fn=pthread_mutex_lock@@GLIBC_2.4
44 1 1 1 1 0 0 0 0 0
45 8 0 0 3 1 1 0 0 0
46 1 0 0 0 0 0 1 0 0
80 3 0 0 1 0 0 0 0 0
84 2 0 0 0 0 0 0 0 0
88 2 0 0 0 0 0 0 0 0
108 4 1 1 1 0 0 0 0 0
112 2 0 0 0 0 0 0 0 0
115 4 0 0 2 0 0 0 0 0
124 1 0 0 0 0 0 0 0 0
130 2 0 0 0 0 0 0 0 0
131 3 0 0 0 0 0 1 0 0
182 2 0 0 1 0 0 1 0 0
184 3 1 1 1 0 0 1 0 0
190 1 0 0 4 0 0 0 0 0
fl=./nptl/pthread_mutex_unlock.c
fn=__pthread_mutex_unlock_full
48 1 1 1 0 0 0 4 0 0
fn=__pthread_mutex_unlock_usercnt
39 1 0 0 1 0 0 0 0 0
40 6 0 0 2 1 0 0 0 0
41 2 0 0 0 0 0 1 0 0
43 0 0 0 0 0 0 0 0 0
51 3 0 0 1 0 0 0 0 0
52 2 0 0 0 0 0 0 0 0
57 3 0 0 0 0 0 0 0 0
62 2 0 0 0 0 0 1 0 0
63 1 0 0 0 0 0 0 0 0
65 4 0 0 1 0 0 1 0 0
72 1 0 0 0 0 0 0 0 0
74 2 1 1 0 0 0 0 0 0
80 4 1 1 1 0 0 0 0 0
84 6 0 0 2 0 0 0 0 0
87 6 1 1 1 0 0 1 0 0
104 1 0 0 4 0 0 0 0 0
368 1 1 1 0 0 0 0 0 0
fn=pthread_mutex_unlock@@GLIBC_2.4
368 1 0 0 0 0 0 0 0 0
fl=./posix/../malloc/dynarray-skeleton.c
fn=__unregister_atfork
243 6 0 0 4 1 1 0 0 0
fl=./posix/../sysdeps/unix/sysv/linux/_exit.c
fn=_Exit
27 1 0 0 0 0 0 1 0 0
30 1 0 0 0 0 0 0 0 0
fn=_Fork
30 1 1 1 0 0 0 0 0 0
fl=./posix/register-atfork.c
fn=__register_atfork
83 2 1 1 2 1 1 0 0 0
fn=__unregister_atfork
71 4 0 0 0 0 0 0 0 0
82 4 0 0 0 0 0 12 0 0
83 32 1 1 4 1 1 4 0 0
109 20 1 0 4 0 0 2 0 0
110 2 0 0 12 0 0 0 0 0
fl=./resource/../sysdeps/unix/sysv/linux/getrlimit.c
fn=getrlimit
36 1 0 0 0 0 0 1 0 0
37 3 0 0 0 0 0 0 0 0
38 1 0 0 1 0 0 0 0 0
fn=tcgetsid
37 1 1 1 0 0 0 0 0 0
fl=./setjmp/../sysdeps/arm/bsd-_setjmp.S
fn=???
26 1 1 1 0 0 0 0 0 0
fn=_setjmp
27 1 0 0 0 0 0 0 0 0
fl=./setjmp/../sysdeps/arm/setjmp.S
fn=???
28 4 2 2 3 1 1 0 0 0
fn=__sigsetjmp
28 14 0 0 6 1 1 0 0 0
30 4 0 0 0 0 0 0 0 0
38 4 0 0 0 0 0 0 0 0
39 4 0 0 0 0 0 0 0 0
40 4 0 0 0 0 0 4 1 0
41 4 0 0 0 0 0 0 0 0
42 4 0 0 0 0 0 4 0 0
48 4 1 0 0 0 0 32 0 0
57 9 0 0 6 1 0 0 0 0
62 9 1 1 3 1 0 0 0 0
79 4 0 0 0 0 0 32 2 2
83 4 0 0 0 0 0 0 0 0
84 4 0 0 0 0 0 0 0 0
98 4 0 0 0 0 0 0 0 0
fl=./setjmp/sigjmp.c
fn=???
28 1 0 0 0 0 0 2 0 0
fn=__sigjmp_save
28 1 0 0 0 0 0 0 0 0
29 1 0 0 0 0 0 1 0 0
30 1 0 0 0 0 0 0 0 0
34 2 0 0 2 0 0 0 0 0
fl=./stdio-common/../include/../locale/localeinfo.h
fn=__printf_fp_l_buffer
330 14 1 1 21 3 3 0 0 0
fl=./stdio-common/../include/printf_buffer.h
fn=__printf_buffer
163 32 0 0 0 0 0 0 0 0
fn=__printf_buffer_flush_to_file
127 13 1 1 13 2 2 0 0 0
fn=__printf_buffer_to_file_init
124 13 0 0 0 0 0 26 0 0
126 13 0 0 0 0 0 13 0 0
127 13 0 0 0 0 0 13 0 0
128 26 0 0 0 0 0 13 0 0
137 13 0 0 0 0 0 0 0 0
fn=__printf_fp_buffer_1.isra.0
163 70 0 0 0 0 0 0 0 0
fl=./stdio-common/../include/rounding-mode.h
fn=__printf_fp_buffer_1.isra.0
46 35 0 0 0 0 0 0 0 0
52 22 1 1 0 0 0 0 0 0
fl=./stdio-common/../include/scratch_buffer.h
fn=__vfscanf_internal
77 8 1 1 0 0 0 4 1 1
78 4 0 0 0 0 0 2 0 0
85 8 1 1 4 0 0 0 0 0
113 6 0 0 3 0 0 0 0 0
fl=./stdio-common/../libio/libioP.h
fn=__printf_buffer_flush_to_file
1036 39 0 0 13 2 1 0 0 0
1037 26 0 0 0 0 0 0 0 0
fl=./stdio-common/../string/bits/string_fortified.h
fn=__printf_buffer_write
29 153 0 0 0 0 0 0 0 0
fn=__printf_fp_buffer_1.isra.0
29 35 1 1 10 0 0 0 0 0
fn=__vfscanf_internal
59 6 0 0 0 0 0 4 0 0
fl=./stdio-common/../sysdeps/arm/get-rounding-mode.h
fn=__printf_fp_buffer_1.isra.0
38 7 0 0 0 0 0 0 0 0
fl=./stdio-common/../sysdeps/pthread/allocalim.h
fn=__printf_fp_buffer_1.isra.0
27 14 0 0 0 0 0 0 0 0
29 105 1 1 14 0 0 7 0 0
fl=./stdio-common/Xprintf_buffer_done.c
fn=???
26 13 3 1 13 0 0 0 0 0
fn=__printf_buffer_done
25 13 0 0 0 0 0 13 0 0
26 13 0 0 0 0 0 0 0 0
31 26 0 0 26 0 0 0 0 0
33 169 3 2 26 0 0 0 0 0
40 26 0 0 13 0 0 0 0 0
fl=./stdio-common/Xprintf_buffer_write.c
fn=__printf_buffer_to_file_done
27 51 0 0 0 0 0 306 0 0
fn=__printf_buffer_write
28 102 0 0 51 0 0 0 0 0
31 306 0 0 0 0 0 0 0 0
33 255 1 1 102 0 0 0 0 0
36 51 0 0 0 0 0 0 0 0
37 153 0 0 0 0 0 0 0 0
40 153 0 0 51 0 0 51 0 0
41 51 0 0 0 0 0 0 0 0
44 51 1 1 306 0 0 0 0 0
fl=./stdio-common/_itoa.c
fn=???
169 8 2 2 0 0 0 48 0 0
fn=_itoa_word
169 16 0 0 0 0 0 0 0 0
172 24 2 2 8 2 2 0 0 0
174 24 0 0 0 0 0 0 0 0
183 142 2 2 14 2 2 14 0 0
192 16 0 0 48 0 0 0 0 0
fl=./stdio-common/fprintf.c
fn=flockfile
27 1 1 1 0 0 0 3 0 0
fn=fprintf
27 13 1 0 6 1 1 2 0 0
31 1 0 0 0 0 0 1 0 0
32 2 0 0 0 0 0 0 0 0
36 11 0 0 5 0 0 0 0 0
fl=./stdio-common/isoc99_fscanf.c
fn=__isoc23_vsscanf
25 2 1 1 0 0 0 6 0 0
fn=__isoc99_fscanf
25 26 1 1 12 1 1 4 0 0
29 2 0 0 0 0 0 2 0 0
30 4 0 0 0 0 0 0 0 0
34 22 1 0 10 0 0 0 0 0
fl=./stdio-common/printf-parse.h
fn=__printf_buffer
55 49 2 2 7 0 0 0 0 0
82 141 0 0 0 0 0 13 0 0
fn=__vfscanf_internal
55 13 1 1 1 0 0 0 0 0
fl=./stdio-common/printf.c
fn=__isoc99_vsscanf
28 12 1 1 0 0 0 48 0 0
fn=printf
28 180 1 1 84 1 1 24 0 0
32 12 0 0 0 0 0 12 0 0
33 60 0 0 36 1 1 0 0 0
37 132 1 0 60 0 0 0 0 0
fl=./stdio-common/printf_buffer_to_file.c
fn=???
49 13 0 0 0 0 0 52 0 0
fn=__printf_buffer_flush_to_file
49 26 0 0 0 0 0 0 0 0
51 91 0 0 52 0 0 26 0 0
53 52 1 1 13 0 0 0 0 0
58 26 0 0 0 0 0 0 0 0
59 91 1 1 39 1 1 0 0 0
65 26 0 0 0 0 0 0 0 0
104 26 0 0 52 0 0 0 0 0
fn=__printf_buffer_puts_1
30 26 1 1 26 0 0 0 0 0
fn=__printf_buffer_to_file_done
117 26 0 0 0 0 0 26 0 0
118 13 0 0 0 0 0 0 0 0
120 13 0 0 0 0 0 0 0 0
121 26 0 0 0 0 0 0 0 0
122 13 0 0 26 0 0 0 0 0
fn=__printf_buffer_to_file_init
109 13 0 0 0 0 0 0 0 0
111 13 0 0 0 0 0 13 0 0
112 13 1 0 0 0 0 0 0 0
118 13 0 0 13 0 0 0 0 0
fn=__printf_buffer_to_file_switch
30 52 0 0 52 0 0 0 0 0
40 52 0 0 0 0 0 0 0 0
41 26 0 0 0 0 0 0 0 0
44 52 0 0 0 0 0 78 0 0
45 26 0 0 0 0 0 0 0 0
fl=./stdio-common/printf_fp.c
fn=???
138 7 1 1 0 0 0 63 0 0
fn=__printf_buffer_flush_fp
1099 7 1 1 0 0 0 63 1 1
fn=__printf_buffer_write
91 55 0 0 55 0 0 0 0 0
fn=__printf_fp_buffer_1.isra.0
138 119 2 2 49 1 1 35 1 1
159 42 0 0 7 0 0 7 0 0
177 14 0 0 0 0 0 7 0 0
187 7 0 0 0 0 0 7 1 1
230 133 1 1 14 0 0 7 0 0
266 28 0 0 7 0 0 0 0 0
267 7 0 0 0 0 0 0 0 0
270 7 0 0 0 0 0 0 0 0
271 35 0 0 0 0 0 7 0 0
272 14 0 0 0 0 0 0 0 0
273 21 0 0 0 0 0 7 0 0
279 7 0 0 0 0 0 14 0 0
280 14 1 1 0 0 0 0 0 0
283 10 0 0 0 0 0 0 0 0
291 5 0 0 0 0 0 0 0 0
293 5 0 0 0 0 0 0 0 0
297 15 0 0 0 0 0 0 0 0
301 25 1 1 0 0 0 0 0 0
305 30 0 0 0 0 0 0 0 0
308 10 1 1 0 0 0 0 0 0
309 50 0 0 10 0 0 5 0 0
310 10 1 1 0 0 0 0 0 0
311 25 0 0 5 0 0 10 0 0
313 15 1 1 5 0 0 0 0 0
322 265 1 1 85 3 3 0 0 0
324 22 0 0 5 0 0 0 0 0
368 10 0 0 5 0 0 5 0 0
369 26 0 0 16 0 0 0 0 0
375 16 0 0 7 0 0 1 0 0
377 2 0 0 1 0 0 0 0 0
380 3 0 0 2 0 0 0 0 0
381 2 0 0 0 0 0 0 0 0
382 3 0 0 0 0 0 1 0 0
385 60 1 1 23 0 0 0 0 0
388 17 1 1 5 0 0 5 0 0
389 25 1 1 15 0 0 0 0 0
390 10 0 0 0 0 0 0 0 0
391 15 0 0 0 0 0 0 0 0
394 45 0 0 0 0 0 0 0 0
396 135 0 0 0 0 0 0 0 0
397 5 0 0 0 0 0 5 0 0
403 11 0 0 1 0 0 0 0 0
407 65 1 1 20 0 0 0 0 0
411 20 0 0 5 0 0 0 0 0
413 10 0 0 0 0 0 0 0 0
439 15 0 0 5 0 0 0 0 0
442 35 1 1 0 0 0 0 0 0
458 15 0 0 0 0 0 0 0 0
460 20 0 0 5 0 0 5 0 0
461 30 0 0 10 0 0 0 0 0
463 45 1 1 15 0 0 5 0 0
483 4 1 0 0 0 0 0 0 0
655 6 0 0 0 0 0 0 0 0
659 4 0 0 0 0 0 0 0 0
660 8 0 0 4 0 0 4 0 0
661 2 0 0 0 0 0 2 0 0
665 14 0 0 7 0 0 7 0 0
674 70 1 1 42 2 2 14 0 0
676 14 0 0 0 0 0 0 0 0
680 7 0 0 7 0 0 0 0 0
686 21 6 1 7 0 0 0 0 0
688 7 0 0 0 0 0 7 0 0
689 21 1 1 0 0 0 7 0 0
690 14 0 0 0 0 0 7 0 0
691 7 0 0 0 0 0 0 0 0
692 28 2 1 14 0 0 0 0 0
694 21 0 0 7 0 0 7 0 0
696 28 0 0 0 0 0 7 0 0
701 7 0 0 0 0 0 0 0 0
738 70 4 1 7 0 0 0 0 0
746 28 0 0 7 0 0 7 0 0
759 42 0 0 7 0 0 7 0 0
760 21 0 0 7 0 0 7 0 0
763 14 0 0 0 0 0 0 0 0
765 21 1 1 7 0 0 0 0 0
766 93 1 1 21 0 0 0 0 0
769 51 0 0 0 0 0 17 0 0
771 7 0 0 0 0 0 0 0 0
772 21 0 0 14 0 0 0 0 0
773 42 1 1 7 0 0 0 0 0
775 14 0 0 7 0 0 7 0 0
787 7 0 0 0 0 0 0 0 0
788 21 0 0 7 0 0 7 0 0
789 38 0 0 0 0 0 0 0 0
790 90 0 0 0 0 0 0 0 0
792 31 0 0 0 0 0 0 0 0
793 93 1 1 0 0 0 31 0 0
795 31 0 0 0 0 0 0 0 0
796 217 0 0 0 0 0 0 0 0
805 42 0 0 14 0 0 7 0 0
806 14 0 0 0 0 0 0 0 0
808 56 0 0 7 0 0 0 0 0
809 2 0 0 0 0 0 0 0 0
810 10 1 1 3 0 0 0 0 0
813 4 0 0 2 0 0 0 0 0
817 1 0 0 0 0 0 0 0 0
818 5 0 0 1 0 0 0 0 0
825 46 1 0 7 0 0 0 0 0
830 8 0 0 0 0 0 0 0 0
835 44 1 1 8 0 0 0 0 0
837 0 0 0 0 0 0 0 0 0
840 36 0 0 8 0 0 0 0 0
842 12 0 0 4 0 0 0 0 0
844 12 0 0 0 0 0 4 0 0
855 12 0 0 4 0 0 0 0 0
924 30 0 0 4 0 0 0 0 0
931 6 1 1 0 0 0 0 0 0
935 21 0 0 7 0 0 0 0 0
980 28 1 1 21 0 0 0 0 0
983 14 0 0 0 0 0 7 0 0
987 35 0 0 7 0 0 0 0 0
988 7 1 1 7 0 0 0 0 0
991 21 0 0 7 0 0 0 0 0
994 7 0 0 0 0 0 0 0 0
996 56 1 1 14 0 0 0 0 0
1001 14 0 0 0 0 0 0 0 0
1003 14 0 0 0 0 0 0 0 0
1006 28 1 1 14 0 0 0 0 0
1009 14 1 1 7 0 0 0 0 0
1012 0 0 0 0 0 0 0 0 0
1022 28 1 1 7 0 0 0 0 0
1024 28 0 0 14 0 0 0 0 0
1028 21 1 1 7 0 0 0 0 0
1030 70 0 0 91 0 0 0 0 0
fn=__printf_fp_l_buffer
1099 105 6 1 35 2 2 7 0 0
1102 21 0 0 7 0 0 0 0 0
1112 14 0 0 0 0 0 14 1 1
1115 28 0 0 0 0 0 7 0 0
1116 42 4 1 14 1 1 0 0 0
1117 21 1 0 0 0 0 0 0 0
1122 49 0 0 14 0 0 14 0 0
1126 7 0 0 0 0 0 0 0 0
1147 63 0 0 91 0 0 0 0 0
fn=hack_digit
88 165 0 0 0 0 0 220 1 1
91 55 0 0 0 0 0 0 0 0
93 165 0 0 55 0 0 0 0 0
95 85 0 0 120 0 0 0 0 0
96 60 0 0 0 0 0 10 0 0
101 90 0 0 0 0 0 0 0 0
105 315 1 1 90 0 0 90 0 0
107 180 0 0 135 0 0 45 0 0
108 45 0 0 45 0 0 0 0 0
110 90 0 0 45 0 0 45 0 0
111 315 1 1 90 0 0 0 0 0
112 45 0 0 0 0 0 0 0 0
122 225 0 0 45 0 0 0 0 0
123 45 0 0 0 0 0 0 0 0
124 164 0 0 82 0 0 82 0 0
127 155 0 0 0 0 0 0 0 0
128 165 0 0 220 0 0 0 0 0
fl=./stdio-common/vfprintf-internal.c
fn=__printf_buffer
263 21 0 0 0 0 0 0 0 0
264 14 0 0 0 0 0 0 0 0
266 7 1 1 0 0 0 0 0 0
600 195 0 0 65 2 2 39 2 2
627 91 1 1 39 3 3 26 1 1
631 13 0 0 0 0 0 13 0 0
634 26 0 0 0 0 0 13 0 0
638 39 0 0 0 0 0 26 0 0
642 13 0 0 0 0 0 13 1 1
653 52 0 0 0 0 0 0 0 0
655 39 0 0 13 0 0 0 0 0
659 39 0 0 13 0 0 0 0 0
663 208 1 1 78 2 2 13 0 0
683 19 0 0 0 0 0 19 0 0
684 19 0 0 0 0 0 19 0 0
685 19 0 0 0 0 0 38 0 0
687 19 0 0 0 0 0 19 0 0
690 19 0 0 0 0 0 19 0 0
691 19 0 0 0 0 0 0 0 0
692 19 0 0 0 0 0 0 0 0
693 19 0 0 0 0 0 0 0 0
694 19 0 0 0 0 0 0 0 0
695 57 0 0 0 0 0 19 0 0
698 19 0 0 0 0 0 0 0 0
699 57 0 0 0 0 0 19 0 0
705 306 4 3 121 5 5 26 0 0
744 35 0 0 28 0 0 0 0 0
784 8 3 2 8 0 0 0 0 0
813 7 0 0 0 0 0 0 0 0
814 21 1 1 7 0 0 0 0 0
840 28 0 0 0 0 0 7 0 0
855 98 1 1 28 2 2 0 0 0
973 35 0 0 7 0 0 0 0 0
976 168 2 2 56 0 0 42 1 1
996 49 0 0 21 0 0 14 0 0
997 14 0 0 0 0 0 7 0 0
1001 7 0 0 0 0 0 0 0 0
1018 57 1 1 19 0 0 19 0 0
1024 19 0 0 0 0 0 0 0 0
1028 76 0 0 0 0 0 0 0 0
1031 75 0 0 25 0 0 0 0 0
1044 117 0 0 169 0 0 0 0 0
1522 13 1 1 0 0 0 91 0 0
fn=__vfprintf_internal
1522 208 2 2 78 2 2 13 0 0
1525 65 1 1 13 1 1 2 0 0
1529 65 0 0 13 1 1 0 0 0
1540 39 0 0 13 1 1 0 0 0
1543 52 1 1 0 0 0 0 0 0
1544 65 0 0 0 0 0 0 0 0
1545 52 10 3 0 0 0 0 0 0
1567 130 0 0 143 0 0 0 0 0
fn=printf_positional
600 13 1 1 0 0 0 117 0 0
fl=./stdio-common/vfprintf-process-arg.c
fn=__printf_buffer
35 16 0 0 0 0 0 8 0 0
37 24 1 1 8 0 0 0 0 0
39 7 0 0 0 0 0 0 0 0
50 16 0 0 0 0 0 0 0 0
52 16 0 0 0 0 0 0 0 0
57 16 0 0 0 0 0 8 0 0
58 24 0 0 0 0 0 8 0 0
60 8 3 2 0 0 0 0 0 0
136 24 3 2 8 0 0 0 0 0
138 24 1 1 0 0 0 8 0 0
155 88 2 2 16 0 0 8 0 0
161 80 0 0 8 0 0 8 0 0
166 16 0 0 0 0 0 8 0 0
175 8 0 0 0 0 0 0 0 0
186 24 0 0 8 0 0 0 0 0
187 88 2 2 24 0 0 0 0 0
195 32 1 1 16 0 0 0 0 0
197 24 2 2 8 0 0 0 0 0
199 16 0 0 0 0 0 0 0 0
201 88 2 2 32 0 0 16 0 0
205 8 0 0 0 0 0 0 0 0
208 48 0 0 24 0 0 0 0 0
211 24 0 0 8 0 0 0 0 0
224 16 2 2 0 0 0 0 0 0
230 16 0 0 0 0 0 0 0 0
233 16 0 0 0 0 0 0 0 0
236 24 1 1 8 0 0 0 0 0
240 40 2 2 16 0 0 0 0 0
403 16 1 1 4 0 0 0 0 0
408 8 0 0 0 0 0 0 0 0
422 28 2 2 0 0 0 0 0 0
430 12 0 0 4 0 0 0 0 0
435 16 2 2 0 0 0 0 0 0
455 8 0 0 0 0 0 0 0 0
501 16 1 1 0 0 0 0 0 0
502 4 0 0 0 0 0 0 0 0
fl=./stdio-common/vfscanf-internal.c
fn=???
278 2 1 1 0 0 0 18 0 0
fn=__vfscanf_internal
206 17 1 1 17 0 0 0 0 0
214 3 0 0 0 0 0 0 0 0
222 4 0 0 0 0 0 4 0 0
223 12 0 0 4 0 0 4 0 0
231 6 0 0 6 0 0 0 0 0
260 39 2 2 27 0 0 0 0 0
263 42 1 1 3 0 0 24 0 0
278 34 0 0 12 1 1 8 1 1
282 2 0 0 0 0 0 2 0 0
283 8 0 0 0 0 0 6 0 0
284 2 1 1 0 0 0 2 0 0
288 14 0 0 6 0 0 4 1 1
289 4 1 1 2 0 0 2 0 0
293 2 0 0 0 0 0 2 0 0
313 2 0 0 0 0 0 4 0 0
326 2 0 0 0 0 0 2 0 0
327 2 0 0 0 0 0 2 0 0
328 2 0 0 0 0 0 2 0 0
332 2 0 0 0 0 0 0 0 0
339 6 0 0 0 0 0 4 1 1
345 10 0 0 2 0 0 1 0 0
348 12 0 0 4 0 0 0 0 0
352 4 0 0 4 0 0 0 0 0
359 4 0 0 4 2 0 2 0 0
366 2 0 0 2 1 1 0 0 0
367 10 0 0 0 0 0 2 0 0
372 48 3 3 16 2 1 8 0 0
381 32 1 1 16 1 1 0 0 0
419 12 0 0 0 0 0 0 0 0
443 17 1 1 12 0 0 2 0 0
444 12 0 0 0 0 0 0 0 0
447 10 0 0 6 0 0 0 0 0
449 2 0 0 0 0 0 0 0 0
480 2 0 0 0 0 0 1 0 0
483 9 1 1 3 0 0 3 0 0
489 20 0 0 8 0 0 0 0 0
492 2 1 1 0 0 0 0 0 0
498 1 0 0 0 0 0 1 0 0
505 18 0 0 0 0 0 0 0 0
506 6 0 0 0 0 0 0 0 0
526 12 1 1 0 0 0 3 0 0
529 1 0 0 0 0 0 0 0 0
530 7 0 0 0 0 0 0 0 0
533 21 0 0 5 1 1 4 0 0
660 8 1 1 0 0 0 0 0 0
664 8 0 0 0 0 0 4 0 0
665 18 0 0 0 0 0 0 0 0
666 4 1 1 0 0 0 0 0 0
669 20 1 1 16 0 0 0 0 0
670 20 0 0 8 0 0 4 0 0
676 84 1 1 28 0 0 6 0 0
679 31 0 0 14 2 2 0 0 0
680 32 1 1 12 1 1 12 0 0
681 12 1 1 4 0 0 0 0 0
685 32 0 0 8 2 2 0 0 0
1065 3 1 1 1 0 0 0 0 0
1067 18 2 2 6 0 0 2 0 0
1069 12 1 1 4 0 0 2 0 0
1079 13 1 1 7 1 0 0 0 0
1147 2 0 0 0 0 0 0 0 0
1149 6 1 1 0 0 0 2 0 0
1150 13 0 0 3 0 0 0 0 0
1192 16 0 0 3 0 0 1 0 0
1194 2 1 1 0 0 0 0 0 0
1234 3 0 0 1 0 0 2 0 0
1236 3 1 1 1 0 0 0 0 0
1242 3 0 0 0 0 0 1 0 0
1244 3 0 0 1 0 0 1 0 0
1441 9 0 0 0 0 0 3 0 0
1442 9 1 1 3 0 0 3 0 0
1450 27 1 1 9 0 0 9 0 0
1455 18 0 0 3 0 0 0 0 0
1464 21 2 2 3 0 0 0 0 0
1498 6 1 1 3 0 0 0 0 0
1501 18 1 1 6 0 0 0 0 0
1598 21 0 0 3 0 0 3 0 0
1742 6 0 0 3 0 0 0 0 0
1813 45 3 3 0 0 0 6 0 0
1815 24 0 0 0 0 0 0 0 0
1820 63 1 1 0 0 0 0 0 0
1822 39 1 1 15 0 0 6 0 0
1877 9 0 0 0 0 0 0 0 0
1878 18 0 0 0 0 0 0 0 0
1881 72 0 0 27 0 0 9 0 0
1884 6 0 0 0 0 0 0 0 0
1891 6 0 0 0 0 0 0 0 0
1892 6 0 0 0 0 0 0 0 0
1920 27 0 0 6 0 0 0 0 0
1924 12 0 0 6 0 0 0 0 0
1930 6 0 0 0 0 0 0 0 0
1932 3 0 0 0 0 0 0 0 0
1941 6 0 0 0 0 0 0 0 0
1942 15 0 0 3 0 0 0 0 0
1948 15 0 0 9 0 0 0 0 0
1951 9 1 1 3 0 0 0 0 0
1972 9 0 0 3 0 0 0 0 0
1974 3 1 1 0 0 0 0 0 0
1975 9 1 1 3 0 0 0 0 0
1976 30 1 1 12 0 0 6 0 0
2283 5 1 1 0 0 0 3 0 0
2589 15 1 1 3 0 0 3 0 0
3139 6 1 1 4 0 0 0 0 0
3149 34 2 2 10 0 0 4 0 0
3153 6 0 0 2 0 0 0 0 0
3170 6 0 0 2 0 0 0 0 0
3176 22 0 0 28 0 0 0 0 0
fl=./stdlib/../sysdeps/ieee754/dbl-64/dbl2mpn.c
fn=???
33 7 1 1 0 0 0 21 1 1
fn=__mpn_extract_double
33 7 0 0 0 0 0 0 0 0
35 7 0 0 0 0 0 0 0 0
37 14 0 0 0 0 0 7 0 0
38 21 6 1 0 0 0 7 0 0
41 7 0 0 0 0 0 7 0 0
42 14 0 0 0 0 0 7 0 0
56 21 0 0 0 0 0 0 0 0
103 28 0 0 0 0 0 7 0 0
107 21 0 0 21 0 0 0 0 0
fl=./stdlib/../sysdeps/unix/sysv/linux/getrandom.c
fn=getenv
278 1 1 1 0 0 0 0 0 0
fl=./stdlib/cmp.c
fn=???
35 6 1 1 0 0 0 0 0 0
fn=__mpn_cmp
31 24 1 1 0 0 0 6 0 0
35 18 0 0 0 0 0 0 0 0
37 6 0 0 6 0 0 0 0 0
38 6 0 0 6 0 0 0 0 0
39 12 0 0 0 0 0 0 0 0
47 19 0 0 0 0 0 0 0 0
48 12 0 0 6 0 0 0 0 0
fl=./stdlib/cxa_atexit.c
fn=__cxa_at_quick_exit
80 1 1 1 0 0 0 4 0 0
fn=__cxa_atexit
68 2 0 0 0 0 0 0 0 0
fn=__internal_atexit
36 3 0 0 1 1 1 0 0 0
41 2 1 1 0 0 0 0 0 0
43 32 0 0 6 1 1 4 0 0
44 2 0 0 0 0 0 0 0 0
46 1 0 0 0 0 0 0 0 0
52 4 1 1 3 0 0 0 0 0
53 1 0 0 0 0 0 1 0 0
55 1 0 0 0 0 0 2 0 0
56 2 0 0 0 0 0 1 0 0
57 8 0 0 1 0 0 1 0 0
58 1 0 0 0 0 0 0 0 0
59 2 0 0 6 0 0 0 0 0
68 1 1 1 1 1 0 0 0 0
fn=__new_exitfn
36 1 1 1 0 0 0 6 0 0
80 1 0 0 0 0 0 0 0 0
86 5 1 1 2 2 1 0 0 0
91 7 0 0 2 1 0 0 0 0
93 3 0 0 1 1 1 0 0 0
94 0 0 0 0 0 0 0 0 0
101 1 0 0 0 0 0 1 0 0
122 1 0 0 0 0 0 0 0 0
123 2 1 1 0 0 0 1 0 0
134 1 0 0 0 0 0 0 0 0
136 2 0 0 0 0 0 1 0 0
137 7 0 0 3 0 0 2 0 0
141 1 0 0 4 0 0 0 0 0
fl=./stdlib/cxa_finalize.c
fn=__cxa_atexit
45 2 1 1 2 1 1 0 0 0
fn=__cxa_finalize
45 8 0 0 0 0 0 18 0 0
48 34 0 0 8 0 0 4 0 0
51 18 2 2 8 1 1 0 0 0
55 12 0 0 2 0 0 0 0 0
58 6 0 0 2 0 0 2 0 0
102 8 0 0 2 0 0 4 0 0
108 16 1 1 6 0 0 0 0 0
112 12 0 0 2 1 1 0 0 0
114 2 0 0 0 0 0 0 0 0
119 2 0 0 0 0 0 0 0 0
120 4 0 0 0 0 0 0 0 0
121 16 0 0 2 0 0 2 0 0
122 4 0 0 18 0 0 0 0 0
fl=./stdlib/cxa_thread_atexit_impl.c
fn=__call_tls_dtors
148 2 0 0 1 0 0 0 0 0
149 6 0 0 3 1 1 0 0 0
153 0 0 0 0 0 0 0 0 0
155 0 0 0 0 0 0 0 0 0
156 0 0 0 0 0 0 0 0 0
165 1 1 0 6 0 0 0 0 0
fn=__cxa_thread_atexit_impl
148 1 1 1 0 0 0 6 1 1
fl=./stdlib/divrem.c
fn=???
46 45 1 1 0 0 0 405 0 0
fn=__mpn_divrem
46 180 0 0 0 0 0 45 1 1
47 135 0 0 0 0 0 45 0 0
49 225 0 0 45 0 0 0 0 0
89 135 1 1 0 0 0 0 0 0
90 45 0 0 45 0 0 0 0 0
91 45 0 0 90 0 0 0 0 0
92 45 0 0 45 0 0 0 0 0
93 45 0 0 45 0 0 0 0 0
95 90 0 0 0 0 0 0 0 0
101 390 0 0 45 0 0 0 0 0
106 84 0 0 42 0 0 0 0 0
107 84 0 0 0 0 0 0 0 0
109 168 1 1 0 0 0 0 0 0
111 84 0 0 0 0 0 0 0 0
121 42 0 0 42 0 0 0 0 0
122 42 0 0 0 0 0 42 0 0
125 210 0 0 0 0 0 42 0 0
126 336 1 1 0 0 0 84 0 0
130 1008 2 2 168 0 0 42 0 0
131 42 0 0 0 0 0 0 0 0
136 420 0 0 0 0 0 0 0 0
139 0 0 0 0 0 0 0 0 0
141 0 0 0 0 0 0 0 0 0
143 0 0 0 0 0 0 0 0 0
148 126 1 1 0 0 0 0 0 0
151 45 0 0 0 0 0 90 0 0
234 135 0 0 450 0 0 0 0 0
fl=./stdlib/exit.c
fn=???
45 1 1 1 0 0 0 3 0 0
fn=__run_exit_handlers
45 6 1 1 1 1 1 2 0 0
47 36 0 0 8 1 1 5 0 0
50 2 0 0 0 0 0 0 0 0
51 2 2 1 0 0 0 0 0 0
53 23 1 1 5 1 1 3 0 0
64 2 0 0 2 1 1 0 0 0
66 3 0 0 1 0 0 0 0 0
70 4 0 0 1 0 0 1 0 0
74 6 1 1 2 1 1 0 0 0
76 2 0 0 0 0 0 1 0 0
77 4 0 0 3 0 0 0 0 0
79 6 0 0 1 0 0 0 0 0
111 2 0 0 0 0 0 1 0 0
113 1 0 0 1 0 0 0 0 0
114 5 2 2 4 0 0 0 0 0
117 7 0 0 1 0 0 1 0 0
118 3 0 0 1 0 0 0 0 0
119 21 0 0 3 0 0 3 0 0
123 13 2 2 5 0 0 2 0 0
129 3 1 1 2 0 0 1 0 0
130 2 0 0 0 0 0 0 0 0
136 8 0 0 1 0 0 1 0 0
138 2 0 0 0 0 0 0 0 0
139 2 0 0 0 0 0 0 0 0
141 2 0 0 1 0 0 0 0 0
148 1 1 1 1 1 0 0 0 0
fn=exit
147 1 0 0 0 0 0 2 0 0
148 4 0 0 0 0 0 0 0 0
fl=./stdlib/lshift.c
fn=???
66 7 1 1 0 0 0 0 0 0
fn=__mpn_lshift
37 14 0 0 0 0 0 35 1 1
64 7 0 0 0 0 0 0 0 0
66 7 0 0 7 0 0 0 0 0
67 7 0 0 0 0 0 0 0 0
69 56 0 0 0 0 0 0 0 0
71 14 0 0 7 0 0 0 0 0
72 28 1 1 0 0 0 7 0 0
75 21 0 0 0 0 0 7 0 0
78 7 0 0 35 0 0 0 0 0
fl=./stdlib/mul.c
fn=???
48 1 1 1 0 0 0 9 0 0
fn=__mpn_mul
48 16 1 1 6 1 0 2 0 0
54 2 0 0 0 0 0 0 0 0
66 1 0 0 0 0 0 0 0 0
67 0 0 0 0 0 0 0 0 0
71 1 0 0 1 0 0 0 0 0
72 2 1 1 0 0 0 0 0 0
81 3 1 1 0 0 0 0 0 0
83 3 0 0 1 0 0 1 0 0
84 1 0 0 0 0 0 0 0 0
88 2 0 0 0 0 0 0 0 0
142 10 0 0 13 0 0 0 0 0
fl=./stdlib/mul_1.c
fn=__mpn_mul
29 56 1 1 0 0 0 112 0 0
fn=__mpn_mul_1
29 280 0 0 0 0 0 0 0 0
36 224 1 1 0 0 0 0 0 0
42 56 0 0 0 0 0 0 0 0
45 226 0 0 113 0 0 0 0 0
47 113 0 0 0 0 0 0 0 0
48 113 0 0 0 0 0 0 0 0
50 113 0 0 0 0 0 113 0 0
52 226 0 0 0 0 0 0 0 0
55 56 0 0 112 0 0 0 0 0
fl=./stdlib/rshift.c
fn=__mpn_mul_n
45 10 1 1 0 0 0 0 0 0
fn=__mpn_rshift
39 10 0 0 0 0 0 60 0 0
45 30 0 0 0 0 0 0 0 0
63 10 0 0 0 0 0 0 0 0
64 20 0 0 0 0 0 0 0 0
65 10 0 0 10 0 0 0 0 0
66 10 0 0 0 0 0 0 0 0
69 100 0 0 0 0 0 0 0 0
71 40 0 0 20 0 0 0 0 0
72 80 1 1 0 0 0 20 0 0
75 30 0 0 0 0 0 10 0 0
78 10 0 0 60 0 0 0 0 0
fl=./stdlib/strtol.c
fn=__strtof_nan
107 3 1 1 0 0 0 6 0 0
fn=__strtol_internal
107 3 0 0 0 0 0 0 0 0
108 27 0 0 9 1 0 6 0 0
110 6 0 0 6 0 0 0 0 0
116 1 1 1 0 0 0 1 0 0
fn=strtol
116 1 0 0 0 0 0 0 0 0
117 9 0 0 3 1 0 2 0 0
119 2 0 0 1 0 0 0 0 0
fl=./stdlib/strtol_l.c
fn=____strtol_l_internal
238 20 0 0 4 0 0 12 0 0
257 4 0 0 0 0 0 4 0 0
258 4 0 0 0 0 0 4 0 0
264 12 0 0 0 0 0 0 0 0
295 32 1 1 0 0 0 0 0 0
297 0 0 0 0 0 0 0 0 0
298 0 0 0 0 0 0 0 0 0
301 4 0 0 4 0 0 0 0 0
304 28 0 0 20 2 1 0 0 0
306 8 0 0 0 0 0 0 0 0
310 8 0 0 0 0 0 4 0 0
311 8 0 0 0 0 0 0 0 0
313 12 2 1 0 0 0 0 0 0
314 4 0 0 0 0 0 0 0 0
316 4 0 0 0 0 0 0 0 0
317 8 0 0 0 0 0 0 0 0
320 12 0 0 4 0 0 0 0 0
335 8 0 0 0 0 0 0 0 0
342 8 1 1 0 0 0 0 0 0
345 24 0 0 0 0 0 0 0 0
393 4 0 0 0 0 0 0 0 0
394 4 0 0 0 0 0 0 0 0
449 20 0 0 10 0 0 0 0 0
451 60 1 1 4 0 0 0 0 0
453 40 1 1 0 0 0 0 0 0
477 12 0 0 8 3 1 0 0 0
478 24 0 0 8 0 0 4 0 0
481 20 0 0 0 0 0 0 0 0
484 100 0 0 0 0 0 0 0 0
490 20 0 0 0 0 0 0 0 0
495 8 0 0 0 0 0 0 0 0
500 8 0 0 4 0 0 0 0 0
501 3 0 0 0 0 0 3 0 0
506 8 0 0 0 0 0 0 0 0
507 8 0 0 0 0 0 0 0 0
509 12 0 0 4 0 0 0 0 0
546 8 0 0 36 0 0 0 0 0
fn=__isoc23_strtol
238 4 1 1 0 0 0 36 0 0
fl=./string/../include/rtld-malloc.h
fn=strdup
56 15 0 0 6 2 0 0 0 0
fl=./string/../sysdeps/arm/armv6/strchr.S
fn=???
28 8 2 2 8 1 1 0 0 0
fn=index
29 8 0 0 0 0 0 0 0 0
37 8 0 0 0 0 0 0 0 0
38 8 0 0 0 0 0 0 0 0
39 8 0 0 0 0 0 0 0 0
40 8 0 0 0 0 0 0 0 0
41 8 1 1 0 0 0 0 0 0
42 8 0 0 0 0 0 0 0 0
45 58 0 0 58 0 0 0 0 0
46 58 0 0 0 0 0 0 0 0
47 58 0 0 0 0 0 0 0 0
48 58 0 0 0 0 0 0 0 0
49 58 0 0 0 0 0 0 0 0
50 58 0 0 0 0 0 0 0 0
51 58 0 0 0 0 0 0 0 0
54 5 0 0 0 0 0 0 0 0
55 5 0 0 0 0 0 0 0 0
56 5 0 0 0 0 0 0 0 0
57 5 0 0 0 0 0 0 0 0
58 4 0 0 0 0 0 0 0 0
61 4 0 0 0 0 0 16 2 2
68 4 0 0 8 0 0 0 0 0
69 4 0 0 0 0 0 0 0 0
71 4 0 0 0 0 0 0 0 0
72 4 1 1 0 0 0 0 0 0
73 4 0 0 0 0 0 0 0 0
78 4 0 0 0 0 0 0 0 0
85 8 0 0 0 0 0 0 0 0
86 8 0 0 0 0 0 0 0 0
87 8 0 0 0 0 0 0 0 0
88 8 0 0 0 0 0 0 0 0
89 8 0 0 0 0 0 0 0 0
90 8 0 0 0 0 0 0 0 0
91 8 0 0 0 0 0 0 0 0
92 8 0 0 0 0 0 0 0 0
93 8 0 0 0 0 0 0 0 0
94 8 0 0 0 0 0 0 0 0
95 8 0 0 0 0 0 0 0 0
96 8 0 0 8 0 0 0 0 0
97 8 0 0 0 0 0 0 0 0
103 4 0 0 0 0 0 0 0 0
104 4 0 0 0 0 0 0 0 0
105 4 0 0 0 0 0 0 0 0
106 4 0 0 0 0 0 0 0 0
107 4 0 0 0 0 0 0 0 0
108 4 0 0 0 0 0 0 0 0
113 4 0 0 0 0 0 0 0 0
119 4 0 0 0 0 0 0 0 0
120 4 0 0 0 0 0 0 0 0
121 4 0 0 0 0 0 0 0 0
122 4 0 0 0 0 0 0 0 0
123 4 0 0 0 0 0 0 0 0
124 4 0 0 0 0 0 0 0 0
126 4 0 0 16 0 0 0 0 0
135 8 2 2 0 0 0 0 0 0
136 8 0 0 0 0 0 0 0 0
137 8 0 0 0 0 0 0 0 0
138 8 0 0 0 0 0 0 0 0
fl=./string/../sysdeps/arm/armv6/strrchr.S
fn=???
29 1 1 1 0 0 0 0 0 0
fn=rindex
30 1 0 0 0 0 0 0 0 0
31 1 0 0 0 0 0 0 0 0
34 1 0 0 0 0 0 0 0 0
35 1 0 0 0 0 0 0 0 0
36 1 0 0 1 1 0 0 0 0
37 1 0 0 0 0 0 0 0 0
38 1 0 0 0 0 0 0 0 0
39 1 0 0 0 0 0 0 0 0
40 1 0 0 0 0 0 0 0 0
41 1 0 0 0 0 0 0 0 0
42 1 0 0 0 0 0 0 0 0
43 1 0 0 0 0 0 0 0 0
44 1 0 0 0 0 0 0 0 0
47 1 0 0 0 0 0 4 0 0
54 1 0 0 0 0 0 0 0 0
56 1 0 0 0 0 0 0 0 0
57 1 0 0 0 0 0 0 0 0
61 1 0 0 0 0 0 0 0 0
62 1 0 0 0 0 0 0 0 0
67 3 0 0 6 0 0 0 0 0
71 3 1 1 0 0 0 0 0 0
72 3 0 0 0 0 0 0 0 0
73 3 0 0 0 0 0 0 0 0
74 3 0 0 0 0 0 0 0 0
75 3 0 0 0 0 0 0 0 0
76 3 0 0 0 0 0 0 0 0
77 3 0 0 0 0 0 0 0 0
78 3 0 0 0 0 0 0 0 0
79 3 0 0 0 0 0 0 0 0
80 3 0 0 0 0 0 0 0 0
81 3 0 0 0 0 0 0 0 0
82 3 0 0 0 0 0 0 0 0
83 3 0 0 0 0 0 0 0 0
84 3 0 0 0 0 0 0 0 0
85 2 0 0 0 0 0 0 0 0
86 2 0 0 0 0 0 0 0 0
87 2 0 0 0 0 0 0 0 0
88 2 0 0 0 0 0 0 0 0
89 2 0 0 0 0 0 0 0 0
92 1 0 0 0 0 0 0 0 0
93 1 0 0 0 0 0 0 0 0
94 1 0 0 0 0 0 0 0 0
97 1 0 0 0 0 0 0 0 0
104 1 1 1 0 0 0 0 0 0
105 1 0 0 0 0 0 0 0 0
106 1 0 0 0 0 0 0 0 0
107 1 0 0 0 0 0 0 0 0
108 1 0 0 0 0 0 0 0 0
109 1 0 0 0 0 0 0 0 0
111 1 0 0 4 0 0 0 0 0
119 1 0 0 0 0 0 0 0 0
120 1 0 0 0 0 0 0 0 0
121 1 0 0 0 0 0 0 0 0
122 1 0 0 0 0 0 0 0 0
123 1 0 0 0 0 0 0 0 0
124 1 0 0 0 0 0 0 0 0
fl=./string/../sysdeps/arm/armv6t2/string-fza.h
fn=strchrnul
37 240 0 0 0 0 0 0 0 0
52 152 0 0 0 0 0 0 0 0
fl=./string/../sysdeps/arm/armv6t2/strlen.S
fn=???
54 25 4 3 0 0 0 0 0 0
fn=strlen
55 25 0 0 0 0 0 50 1 1
60 25 0 0 0 0 0 0 0 0
61 25 0 0 0 0 0 0 0 0
62 25 0 0 0 0 0 0 0 0
63 25 0 0 0 0 0 0 0 0
64 25 0 0 0 0 0 0 0 0
65 7 0 0 0 0 0 0 0 0
66 7 0 0 0 0 0 0 0 0
69 16 0 0 32 0 0 0 0 0
70 16 0 0 0 0 0 0 0 0
71 16 0 0 0 0 0 0 0 0
73 34 0 0 0 0 0 0 0 0
74 34 0 0 0 0 0 0 0 0
75 34 0 0 0 0 0 0 0 0
76 34 0 0 0 0 0 0 0 0
77 34 5 3 0 0 0 0 0 0
80 21 0 0 42 1 1 0 0 0
81 21 0 0 0 0 0 0 0 0
82 21 0 0 0 0 0 0 0 0
83 21 0 0 0 0 0 0 0 0
84 21 0 0 0 0 0 0 0 0
85 21 0 0 0 0 0 0 0 0
86 21 0 0 0 0 0 0 0 0
89 17 0 0 34 1 1 0 0 0
90 17 0 0 0 0 0 0 0 0
91 17 0 0 0 0 0 0 0 0
92 17 0 0 0 0 0 0 0 0
93 17 0 0 0 0 0 0 0 0
94 17 0 0 0 0 0 0 0 0
95 17 0 0 0 0 0 0 0 0
98 10 0 0 20 1 1 0 0 0
99 10 0 0 0 0 0 0 0 0
100 10 0 0 0 0 0 0 0 0
101 10 0 0 0 0 0 0 0 0
102 10 0 0 0 0 0 0 0 0
103 10 0 0 0 0 0 0 0 0
104 10 0 0 0 0 0 0 0 0
105 10 0 0 0 0 0 0 0 0
106 10 0 0 0 0 0 0 0 0
109 25 0 0 0 0 0 0 0 0
110 25 0 0 0 0 0 0 0 0
111 25 0 0 0 0 0 0 0 0
112 25 0 0 0 0 0 0 0 0
114 25 0 0 0 0 0 0 0 0
116 25 0 0 0 0 0 0 0 0
117 25 0 0 50 0 0 0 0 0
121 25 0 0 0 0 0 0 0 0
122 25 0 0 0 0 0 0 0 0
126 18 3 3 36 2 2 0 0 0
127 18 0 0 0 0 0 0 0 0
128 18 0 0 0 0 0 0 0 0
129 18 0 0 0 0 0 0 0 0
130 18 3 3 0 0 0 0 0 0
131 18 0 0 0 0 0 0 0 0
132 18 0 0 0 0 0 0 0 0
133 18 0 0 0 0 0 0 0 0
134 18 0 0 0 0 0 0 0 0
135 18 0 0 0 0 0 0 0 0
136 18 0 0 0 0 0 0 0 0
137 18 0 0 0 0 0 0 0 0
138 18 0 0 0 0 0 0 0 0
fl=./string/../sysdeps/arm/armv7/multiarch/ifunc-memchr.h
fn=memccpy
25 1 1 1 0 0 0 0 0 0
fn=memchr
25 3 0 0 1 1 1 0 0 0
fl=./string/../sysdeps/arm/armv7/multiarch/ifunc-memcpy.h
fn=bcmp
28 2 2 2 0 0 0 0 0 0
fn=memcpy
28 6 0 0 2 2 0 0 0 0
fl=./string/../sysdeps/arm/armv7/multiarch/memchr.c
fn=memchr
32 1 0 0 0 0 0 0 0 0
fl=./string/../sysdeps/arm/armv7/multiarch/memcpy.c
fn=memcpy
32 2 0 0 0 0 0 0 0 0
fl=./string/../sysdeps/arm/armv7/multiarch/memcpy_impl.S
fn=__memcpy_neon
269 82 1 1 0 0 0 0 0 0
270 82 0 0 0 0 0 0 0 0
271 82 0 0 0 0 0 0 0 0
288 72 0 0 0 0 0 0 0 0
293 330 0 0 93 1 1 93 0 0
295 72 0 0 0 0 0 0 0 0
296 72 0 0 35 0 0 0 0 0
297 72 0 0 0 0 0 35 0 0
312 72 0 0 0 0 0 0 0 0
313 72 0 0 26 0 0 0 0 0
314 72 0 0 33 0 0 0 0 0
315 72 0 0 0 0 0 26 0 0
316 72 0 0 0 0 0 33 0 0
317 72 0 0 0 0 0 0 0 0
321 11 1 1 0 0 0 11 0 0
325 11 0 0 0 0 0 0 0 0
326 11 0 0 0 0 0 0 0 0
327 11 2 2 0 0 0 0 0 0
328 11 0 0 0 0 0 0 0 0
334 9 0 0 0 0 0 0 0 0
340 9 0 0 0 0 0 0 0 0
341 9 0 0 0 0 0 0 0 0
353 9 0 0 0 0 0 0 0 0
354 9 0 0 0 0 0 0 0 0
356 9 1 1 0 0 0 0 0 0
357 9 0 0 0 0 0 0 0 0
362 45 0 0 45 0 0 0 0 0
363 45 0 0 0 0 0 0 0 0
364 45 0 0 45 15 15 0 0 0
365 45 0 0 0 0 0 45 0 0
366 45 0 0 45 0 0 0 0 0
367 45 0 0 0 0 0 45 30 30
368 45 0 0 45 0 0 0 0 0
369 45 0 0 0 0 0 45 0 0
370 45 0 0 45 0 0 0 0 0
371 45 0 0 0 0 0 45 0 0
372 45 0 0 45 0 0 0 0 0
373 45 0 0 0 0 0 45 0 0
374 45 0 0 45 0 0 0 0 0
375 45 0 0 0 0 0 45 0 0
376 45 1 1 45 30 30 0 0 0
377 45 0 0 0 0 0 45 0 0
378 45 0 0 0 0 0 0 0 0
379 45 0 0 0 0 0 45 15 15
380 45 0 0 0 0 0 0 0 0
381 45 0 0 0 0 0 0 0 0
382 9 0 0 0 0 0 0 0 0
383 9 0 0 0 0 0 0 0 0
456 9 0 0 9 9 9 0 0 0
459 9 0 0 0 0 0 0 0 0
473 9 1 1 9 4 4 0 0 0
474 9 0 0 9 9 9 0 0 0
475 9 0 0 9 9 9 0 0 0
476 9 0 0 9 9 9 0 0 0
477 9 0 0 9 9 9 0 0 0
479 9 0 0 9 0 0 0 0 0
480 9 0 0 9 0 0 0 0 0
481 9 0 0 9 0 0 0 0 0
482 9 0 0 0 0 0 0 0 0
484 9 0 0 0 0 0 0 0 0
485 9 0 0 0 0 0 0 0 0
487 137952 1 1 68976 8622 8622 68976 8628 8628
488 137952 1 1 68976 8622 8622 68976 8622 8622
489 137952 1 1 68976 8622 8622 68976 8622 8622
490 8622 1 1 0 0 0 0 0 0
491 8622 0 0 0 0 0 0 0 0
492 137952 1 1 68976 8622 8622 68976 8622 8622
493 137952 1 1 68976 8622 8622 68976 8622 8622
494 8622 0 0 0 0 0 0 0 0
495 8622 0 0 0 0 0 0 0 0
496 8622 0 0 0 0 0 0 0 0
497 8622 0 0 0 0 0 0 0 0
500 135 1 1 63 0 0 72 9 9
501 135 1 1 63 0 0 72 9 9
502 135 1 1 63 0 0 72 9 9
503 9 0 0 0 0 0 0 0 0
504 9 0 0 0 0 0 0 0 0
505 135 1 1 63 3 3 72 9 9
506 9 0 0 0 0 0 9 0 0
507 9 0 0 9 0 0 0 0 0
508 9 0 0 0 0 0 9 6 6
509 9 0 0 9 0 0 0 0 0
510 9 0 0 0 0 0 9 0 0
511 9 0 0 9 0 0 0 0 0
512 9 0 0 0 0 0 9 0 0
513 9 0 0 9 6 6 0 0 0
514 9 0 0 0 0 0 9 0 0
515 9 0 0 0 0 0 0 0 0
516 9 0 0 0 0 0 9 0 0
517 9 0 0 0 0 0 9 0 0
518 9 1 1 0 0 0 9 3 3
519 9 0 0 0 0 0 0 0 0
520 9 0 0 0 0 0 0 0 0
521 9 0 0 0 0 0 0 0 0
598 2 1 1 0 0 0 0 0 0
599 2 0 0 0 0 0 0 0 0
603 2 0 0 0 0 0 0 0 0
604 2 0 0 0 0 0 0 0 0
605 2 0 0 0 0 0 0 0 0
616 2 1 1 0 0 0 0 0 0
617 2 0 0 0 0 0 0 0 0
618 2 0 0 0 0 0 0 0 0
619 2 0 0 0 0 0 0 0 0
620 2 0 0 0 0 0 0 0 0
633 2 0 0 8 0 0 0 0 0
634 2 0 0 8 0 0 0 0 0
635 2 0 0 0 0 0 0 0 0
636 2 0 0 0 0 0 0 0 0
646 2 1 1 0 0 0 8 0 0
647 2 0 0 0 0 0 8 0 0
648 2 0 0 0 0 0 0 0 0
721 2 0 0 2 0 0 0 0 0
724 2 0 0 0 0 0 0 0 0
725 1 0 0 0 0 0 0 0 0
fn=memcpy
269 23 2 2 0 0 0 0 0 0
270 23 0 0 0 0 0 0 0 0
271 23 0 0 0 0 0 0 0 0
301 23 0 0 0 0 0 0 0 0
302 23 0 0 0 0 0 0 0 0
303 23 0 0 0 0 0 0 0 0
309 268 4 3 111 1 0 111 7 7
312 23 1 1 0 0 0 0 0 0
313 23 0 0 12 0 0 0 0 0
314 23 0 0 9 1 1 0 0 0
315 23 0 0 0 0 0 12 0 0
316 23 0 0 0 0 0 9 1 1
317 23 0 0 0 0 0 0 0 0
fl=./string/../sysdeps/arm/armv7/strcmp.S
fn=???
152 35 0 0 0 0 0 0 0 0
153 35 0 0 0 0 0 0 0 0
158 219 3 3 219 49 32 0 0 0
fn=strcmp
159 219 0 0 219 20 16 0 0 0
160 219 0 0 0 0 0 0 0 0
161 219 0 0 0 0 0 0 0 0
162 219 0 0 0 0 0 0 0 0
163 219 0 0 0 0 0 0 0 0
165 184 0 0 0 0 0 368 4 3
169 184 0 0 0 0 0 0 0 0
170 184 0 0 0 0 0 368 0 0
173 184 0 0 0 0 0 0 0 0
174 184 0 0 0 0 0 0 0 0
175 184 0 0 0 0 0 0 0 0
178 127 0 0 0 0 0 0 0 0
179 127 0 0 0 0 0 0 0 0
180 127 0 0 0 0 0 0 0 0
184 17 0 0 0 0 0 0 0 0
185 17 3 2 0 0 0 0 0 0
186 17 0 0 0 0 0 0 0 0
187 17 0 0 0 0 0 0 0 0
188 17 0 0 0 0 0 0 0 0
189 17 0 0 34 0 0 0 0 0
190 17 0 0 0 0 0 0 0 0
191 17 0 0 34 0 0 0 0 0
192 17 0 0 0 0 0 0 0 0
193 17 0 0 0 0 0 0 0 0
194 17 0 0 0 0 0 0 0 0
195 17 0 0 0 0 0 0 0 0
196 6 0 0 0 0 0 0 0 0
197 6 0 0 0 0 0 0 0 0
198 6 0 0 0 0 0 0 0 0
199 6 0 0 0 0 0 0 0 0
200 6 0 0 0 0 0 0 0 0
207 64 1 1 128 1 1 0 0 0
208 64 0 0 128 0 0 0 0 0
210 81 3 1 0 0 0 0 0 0
211 81 0 0 0 0 0 0 0 0
212 81 0 0 0 0 0 0 0 0
213 81 0 0 0 0 0 0 0 0
214 73 0 0 0 0 0 0 0 0
215 73 0 0 0 0 0 0 0 0
216 73 0 0 0 0 0 0 0 0
217 73 0 0 0 0 0 0 0 0
219 72 0 0 144 0 0 0 0 0
220 72 0 0 144 0 0 0 0 0
221 72 0 0 0 0 0 0 0 0
222 72 0 0 0 0 0 0 0 0
223 72 0 0 0 0 0 0 0 0
224 72 0 0 0 0 0 0 0 0
225 72 0 0 0 0 0 0 0 0
226 72 2 1 0 0 0 0 0 0
228 72 0 0 0 0 0 0 0 0
229 72 0 0 0 0 0 0 0 0
232 65 0 0 0 0 0 0 0 0
235 99 0 0 36 0 0 0 0 0
239 715 2 2 260 0 0 0 0 0
243 110 4 3 0 0 0 0 0 0
244 110 0 0 0 0 0 0 0 0
245 17 0 0 0 0 0 0 0 0
246 17 0 0 0 0 0 0 0 0
251 34 0 0 34 0 0 0 0 0
252 34 0 0 34 0 0 0 0 0
254 39 0 0 0 0 0 0 0 0
255 39 0 0 0 0 0 0 0 0
256 39 0 0 0 0 0 0 0 0
257 39 0 0 0 0 0 0 0 0
258 25 0 0 25 2 1 0 0 0
259 25 0 0 25 0 0 0 0 0
260 25 0 0 0 0 0 0 0 0
261 25 0 0 0 0 0 0 0 0
262 25 0 0 0 0 0 0 0 0
263 25 0 0 0 0 0 0 0 0
264 25 0 0 0 0 0 0 0 0
267 170 1 1 34 0 0 0 0 0
273 5 1 1 0 0 0 0 0 0
274 5 0 0 0 0 0 0 0 0
275 5 0 0 5 0 0 0 0 0
276 5 0 0 0 0 0 0 0 0
277 5 0 0 5 0 0 0 0 0
279 5 0 0 0 0 0 0 0 0
280 5 0 0 0 0 0 0 0 0
281 5 0 0 0 0 0 0 0 0
282 5 0 0 0 0 0 0 0 0
285 93 3 3 0 0 0 0 0 0
286 93 0 0 0 0 0 0 0 0
287 71 0 0 0 0 0 0 0 0
288 71 0 0 0 0 0 0 0 0
289 71 0 0 0 0 0 0 0 0
290 71 0 0 71 0 0 0 0 0
291 71 0 0 0 0 0 0 0 0
292 49 0 0 0 0 0 0 0 0
318 34 0 0 34 0 0 0 0 0
319 34 0 0 0 0 0 0 0 0
320 34 0 0 0 0 0 0 0 0
321 34 0 0 0 0 0 0 0 0
322 34 0 0 0 0 0 0 0 0
325 56 0 0 56 0 0 0 0 0
326 56 1 1 0 0 0 0 0 0
327 56 0 0 0 0 0 0 0 0
328 56 0 0 0 0 0 0 0 0
329 52 0 0 0 0 0 0 0 0
333 4 0 0 0 0 0 0 0 0
334 4 0 0 4 0 0 0 0 0
341 4 0 0 0 0 0 0 0 0
345 67 2 2 0 0 0 0 0 0
351 89 0 0 89 1 1 0 0 0
352 89 0 0 0 0 0 0 0 0
354 89 0 0 0 0 0 0 0 0
355 89 0 0 89 0 0 0 0 0
356 89 0 0 0 0 0 0 0 0
357 55 0 0 0 0 0 0 0 0
361 109 0 0 0 0 0 0 0 0
362 109 0 0 0 0 0 0 0 0
363 109 0 0 0 0 0 0 0 0
364 109 0 0 0 0 0 0 0 0
365 109 0 0 0 0 0 0 0 0
366 103 0 0 0 0 0 0 0 0
367 75 0 0 75 0 0 0 0 0
368 75 2 1 0 0 0 0 0 0
369 75 0 0 0 0 0 0 0 0
370 75 0 0 0 0 0 0 0 0
371 75 0 0 75 1 1 0 0 0
372 75 0 0 0 0 0 0 0 0
374 6 0 0 0 0 0 0 0 0
375 6 0 0 0 0 0 0 0 0
378 28 0 0 0 0 0 0 0 0
379 28 0 0 0 0 0 0 0 0
383 3 0 0 3 0 0 0 0 0
384 3 0 0 6 0 0 0 0 0
392 3 0 0 0 0 0 0 0 0
393 3 0 0 0 0 0 0 0 0
403 51 2 2 0 0 0 0 0 0
404 51 0 0 0 0 0 0 0 0
405 51 0 0 0 0 0 0 0 0
406 51 3 3 0 0 0 0 0 0
407 51 0 0 0 0 0 0 0 0
408 45 0 0 0 0 0 0 0 0
409 30 0 0 30 1 1 0 0 0
410 30 0 0 0 0 0 0 0 0
411 30 0 0 0 0 0 0 0 0
412 30 0 0 0 0 0 0 0 0
413 30 0 0 30 2 2 0 0 0
414 30 0 0 0 0 0 0 0 0
416 6 0 0 0 0 0 0 0 0
417 6 0 0 0 0 0 0 0 0
419 15 0 0 0 0 0 0 0 0
420 15 0 0 0 0 0 0 0 0
422 8 0 0 8 0 0 0 0 0
423 8 0 0 0 0 0 0 0 0
427 8 0 0 0 0 0 0 0 0
436 104 4 2 0 0 0 0 0 0
437 104 0 0 0 0 0 0 0 0
438 104 0 0 0 0 0 0 0 0
439 104 0 0 0 0 0 0 0 0
440 104 0 0 0 0 0 0 0 0
441 104 0 0 0 0 0 0 0 0
442 70 0 0 70 1 1 0 0 0
443 70 0 0 0 0 0 0 0 0
444 70 0 0 0 0 0 0 0 0
445 70 0 0 0 0 0 0 0 0
446 70 0 0 70 2 2 0 0 0
447 70 0 0 0 0 0 0 0 0
452 34 0 0 0 0 0 0 0 0
453 34 0 0 0 0 0 0 0 0
454 30 0 0 30 0 0 0 0 0
456 30 0 0 0 0 0 0 0 0
457 30 0 0 0 0 0 0 0 0
458 30 0 0 0 0 0 0 0 0
461 36 1 0 0 0 0 0 0 0
462 36 0 0 72 0 0 0 0 0
470 36 0 0 0 0 0 0 0 0
475 50 4 3 0 0 0 0 0 0
476 50 0 0 0 0 0 0 0 0
479 50 0 0 0 0 0 0 0 0
480 50 0 0 0 0 0 0 0 0
481 50 0 0 0 0 0 0 0 0
482 50 0 0 0 0 0 0 0 0
483 50 0 0 0 0 0 0 0 0
484 50 0 0 0 0 0 0 0 0
485 50 0 0 0 0 0 0 0 0
486 50 0 0 100 0 0 0 0 0
493 50 0 0 0 0 0 0 0 0
494 50 0 0 0 0 0 0 0 0
fl=./string/../sysdeps/arm/memset.S
fn=memset
28 28 3 3 0 0 0 0 0 0
29 28 0 0 0 0 0 0 0 0
30 28 0 0 0 0 0 0 0 0
33 23 0 0 0 0 0 0 0 0
34 23 1 1 0 0 0 0 0 0
35 23 0 0 0 0 0 0 0 0
36 23 0 0 0 0 0 0 0 0
38 23 0 0 0 0 0 0 0 0
39 23 0 0 0 0 0 0 0 0
40 23 0 0 0 0 0 0 0 0
41 23 0 0 0 0 0 0 0 0
44 148 0 0 0 0 0 0 0 0
45 148 0 0 0 0 0 270 39 39
46 148 0 0 0 0 0 0 0 0
47 148 0 0 0 0 0 266 1 1
48 148 0 0 0 0 0 0 0 0
49 148 1 1 0 0 0 252 8 8
50 148 0 0 0 0 0 0 0 0
51 148 0 0 0 0 0 250 6 6
52 148 0 0 0 0 0 0 0 0
54 23 2 2 0 0 0 0 0 0
56 35 0 0 0 0 0 0 0 0
57 35 0 0 0 0 0 7 1 1
58 35 0 0 0 0 0 0 0 0
59 35 0 0 0 0 0 7 0 0
60 35 0 0 0 0 0 0 0 0
61 35 0 0 0 0 0 7 0 0
62 35 0 0 0 0 0 0 0 0
63 35 0 0 0 0 0 7 0 0
64 35 0 0 0 0 0 0 0 0
66 28 0 0 0 0 0 0 0 0
fl=./string/../sysdeps/generic/string-fzi.h
fn=strchrnul
39 64 0 0 0 0 0 0 0 0
fl=./string/../sysdeps/generic/string-misc.h
fn=strchrnul
42 96 0 0 0 0 0 0 0 0
fl=./string/../sysdeps/generic/string-shift.h
fn=strchrnul
33 64 0 0 0 0 0 0 0 0
fl=./string/memcmp.c
fn=bcmp
118 3 0 0 0 0 0 0 0 0
122 1 0 0 1 1 1 0 0 0
123 1 0 0 1 1 1 0 0 0
125 1 0 0 0 0 0 0 0 0
144 1 0 0 0 0 0 0 0 0
145 1 1 1 0 0 0 0 0 0
146 1 0 0 0 0 0 0 0 0
154 1 0 0 1 0 0 0 0 0
155 2 0 0 1 0 0 0 0 0
156 2 0 0 0 0 0 0 0 0
160 1 0 0 1 0 0 0 0 0
161 2 0 0 1 0 0 0 0 0
162 2 1 1 0 0 0 0 0 0
166 1 0 0 1 0 0 0 0 0
167 2 0 0 1 0 0 0 0 0
168 2 1 1 0 0 0 0 0 0
172 1 0 0 1 0 0 0 0 0
173 1 0 0 1 0 0 0 0 0
174 2 0 0 0 0 0 0 0 0
177 2 0 0 0 0 0 0 0 0
178 1 0 0 0 0 0 0 0 0
181 2 1 1 0 0 0 0 0 0
186 2 0 0 0 0 0 0 0 0
298 6 0 0 0 0 0 0 0 0
301 6 0 0 0 0 0 0 0 0
302 6 0 0 0 0 0 0 0 0
305 12 0 0 0 0 0 0 0 0
309 2 0 0 0 0 0 0 0 0
325 2 0 0 0 0 0 0 0 0
326 1 0 0 0 0 0 0 0 0
333 3 0 0 0 0 0 0 0 0
334 1 0 0 0 0 0 0 0 0
339 93 1 1 0 0 0 0 0 0
341 34 0 0 34 0 0 0 0 0
342 34 0 0 34 3 3 0 0 0
343 34 0 0 0 0 0 0 0 0
346 68 0 0 0 0 0 0 0 0
351 2 1 1 0 0 0 0 0 0
352 12 1 1 54 0 0 0 0 0
fn=memchr
298 6 2 1 0 0 0 54 0 0
fl=./string/strchrnul.c
fn=index
35 32 0 0 0 0 0 64 2 2
fn=strchrnul
38 32 0 0 0 0 0 0 0 0
42 32 0 0 32 3 3 0 0 0
44 64 2 2 0 0 0 0 0 0
45 8 0 0 0 0 0 0 0 0
48 88 0 0 88 6 6 0 0 0
49 176 0 0 0 0 0 0 0 0
51 24 0 0 0 0 0 0 0 0
52 32 0 0 64 0 0 0 0 0
fl=./string/strcspn.c
fn=???
32 1 1 1 0 0 0 4 1 1
fn=strcspn
32 3 0 0 0 0 0 0 0 0
33 3 0 0 1 1 1 0 0 0
34 3 0 0 1 0 0 0 0 0
39 5 0 0 0 0 0 0 0 0
40 4 1 1 0 0 0 0 0 0
41 4 0 0 0 0 0 0 0 0
42 4 0 0 0 0 0 0 0 0
47 7 0 0 3 0 0 3 0 0
48 6 0 0 0 0 0 0 0 0
51 3 0 0 2 0 0 0 0 0
52 4 0 0 2 0 0 0 0 0
53 4 0 0 2 0 0 0 0 0
54 4 1 1 2 0 0 0 0 0
56 1 0 0 0 0 0 0 0 0
62 26 0 0 26 0 0 0 0 0
63 13 0 0 13 0 0 0 0 0
64 26 0 0 26 0 0 0 0 0
65 13 0 0 13 0 0 0 0 0
67 78 0 0 26 0 0 0 0 0
69 1 0 0 0 0 0 0 0 0
70 3 0 0 0 0 0 0 0 0
71 2 0 0 4 0 0 0 0 0
fl=./string/strdup.c
fn=???
40 3 1 1 0 0 0 12 0 0
fn=strdup
40 3 0 0 0 0 0 0 0 0
41 6 0 0 0 0 0 0 0 0
44 3 0 0 0 0 0 0 0 0
47 9 0 0 0 0 0 0 0 0
48 3 0 0 12 0 0 0 0 0
fl=./string/strstr.c
fn=strstr
45 2 2 2 0 0 0 0 0 0
77 22 0 0 8 2 2 20 0 0
82 6 1 1 2 2 2 0 0 0
84 6 0 0 0 0 0 0 0 0
85 6 0 0 0 0 0 0 0 0
161 20 0 0 26 0 0 0 0 0
fn=two_way_long_needle
77 2 2 2 2 2 2 0 0 0
fl=./termios/../string/bits/string_fortified.h
fn=tcgetattr
59 4 0 0 0 0 0 4 0 0
fl=./termios/../sysdeps/unix/sysv/linux/tcgetattr.c
fn=tcgetattr
34 11 1 1 5 1 1 1 0 0
38 6 0 0 0 0 0 0 0 0
40 1 0 0 0 0 0 0 0 0
42 1 0 0 1 0 0 0 0 0
43 2 0 0 2 0 0 2 0 0
44 1 0 0 0 0 0 1 0 0
45 2 0 0 1 0 0 1 0 0
46 2 0 0 1 0 0 1 0 0
51 3 0 0 0 0 0 2 0 0
63 12 1 1 6 0 0 6 0 0
77 9 1 0 6 0 0 0 0 0
fn=tcsetattr
34 1 1 1 0 0 0 2 0 0
fl=./time/../sysdeps/unix/sysv/linux/clock_gettime.c
fn=__clock_gettime64
30 36 1 1 18 9 9 3 0 0
38 9 0 0 9 6 6 0 0 0
40 3 0 0 0 0 0 0 0 0
42 0 0 0 0 0 0 0 0 0
44 3 0 0 0 0 0 0 0 0
50 3 0 0 3 0 0 0 0 0
52 9 0 0 0 0 0 0 0 0
55 0 0 0 0 0 0 0 0 0
68 12 1 1 0 0 0 0 0 0
69 6 0 0 0 0 0 0 0 0
86 27 0 0 21 0 0 0 0 0
fn=clock_getres@@GLIBC_2.17
30 3 1 1 0 0 0 9 0 0
fl=/root/SENG440RGB-YCC/src/full_conversion/CSC_RGB_to_YCC.c
fn=CSC_RGB_to_YCC
323 10272 0 0 2580 1 1 2568 0 0
324 117120 1 1 0 0 0 640 0 0
382 42240 1 1 640 0 0 640 0 0
388 76800 0 0 0 0 0 38400 0 0
424 614400 1 1 0 0 0 0 0 0
425 1651200 0 0 230400 0 0 38400 0 0
426 307200 1 1 0 0 0 0 0 0
427 307200 0 0 0 0 0 0 0 0
428 576000 1 1 115200 0 0 307200 7050 4804
435 18 0 0 8 2 2 36 2 2
481 6 0 0 34 4 4 0 0 0
fn=csc_parse_args
435 2 2 2 2 2 2 0 0 0
fl=/root/SENG440RGB-YCC/src/full_conversion/CSC_YCC_to_RGB.c
fn=CSC_RGB_to_YCC
582 2 1 1 2 2 2 0 0 0
fn=CSC_YCC_to_RGB
363 11532 0 0 10 4 4 0 0 0
364 232960 0 0 0 0 0 0 0 0
397 458880 0 0 152482 0 0 0 0 0
398 305920 0 0 0 0 0 0 0 0
399 918718 0 0 304964 0 0 307196 0 0
401 306240 0 0 0 0 0 0 0 0
402 306240 0 0 0 0 0 0 0 0
403 918400 2 2 304964 0 0 307196 10878 10718
405 614392 1 1 0 0 0 0 0 0
407 307196 0 0 0 0 0 0 0 0
408 919356 2 2 304964 0 0 307196 638 542
423 6404 1 1 1926 4 4 4 0 0
424 310744 2 2 2562 7 7 1286 0 0
425 1677302 0 0 762410 2398 2398 304964 0 0
428 152482 0 0 0 0 0 152482 4468 4468
433 914892 0 0 609928 2398 2398 152482 0 0
436 152482 1 1 0 0 0 152482 4466 4466
444 3856 0 0 10 2 2 0 0 0
445 1276 0 0 638 638 478 0 0 0
448 638 0 0 0 0 0 638 638 482
453 638 1 1 638 638 480 0 0 0
456 638 0 0 0 0 0 638 638 502
463 1912 0 0 0 0 0 0 0 0
464 478 0 0 478 4 0 0 0 0
467 956 0 0 0 0 0 478 14 14
472 478 0 0 478 4 0 0 0 0
475 478 0 0 0 0 0 478 14 14
483 14 0 0 6 2 2 2 0 0
485 2 0 0 0 0 0 2 0 0
488 16 0 0 4 0 0 2 0 0
490 10 1 1 6 2 2 2 0 0
582 7032 0 0 6 4 4 5776 0 0
629 6 0 0 34 4 4 0 0 0
fl=/root/SENG440RGB-YCC/src/full_conversion/CSC_harness.c
fn=???
148 1 1 1 0 0 0 9 0 0
fn=append_walltime_csv
10 3 1 1 0 0 0 6 0 0
fn=csc_compute_quality
209 18 0 0 7 2 2 2 0 0
211 10 1 1 0 0 0 5 0 0
212 1 0 0 0 0 0 0 0 0
214 3840 0 0 1280 80 0 0 0 0
215 622080 0 0 3200 0 0 640 0 0
216 921600 1 1 614400 158399 9601 0 0 0
217 921600 0 0 614400 163199 9601 0 0 0
218 921600 0 0 614400 158400 9601 0 0 0
219 921600 0 0 0 0 0 0 0 0
220 921600 0 0 0 0 0 0 0 0
221 921600 0 0 0 0 0 0 0 0
230 3072000 0 0 0 0 0 0 0 0
233 1228800 1 1 0 0 0 0 0 0
237 1 0 0 0 0 0 1 1 1
238 1 0 0 0 0 0 1 0 0
239 7 0 0 3 2 2 0 0 0
240 2 0 0 9 0 0 0 0 0
335 1 1 1 0 0 0 2 0 0
fn=csc_fill_wall_metrics
335 4 0 0 1 0 0 5 0 0
338 1 0 0 0 0 0 1 0 0
339 8 1 1 1 1 1 0 0 0
340 1 0 0 0 0 0 1 0 0
341 5 0 0 2 0 0 0 0 0
342 5 0 0 2 0 0 1 0 0
343 2 0 0 0 0 0 1 0 0
344 1 0 0 0 0 0 1 0 0
345 2 0 0 1 1 1 0 0 0
346 1 0 0 0 0 0 1 0 0
347 4 0 0 2 0 0 0 0 0
348 2 1 0 1 0 0 1 0 0
349 1 0 0 0 0 0 1 1 1
350 2 0 0 7 0 0 0 0 0
354 1 1 0 0 0 0 3 0 0
fn=csc_load_input_image
20 1 0 0 0 0 0 0 0 0
22 2 0 0 0 0 0 0 0 0
25 7 0 0 1 0 0 0 0 0
67 4 1 1 1 1 1 0 0 0
68 3 0 0 0 0 0 0 0 0
73 15 1 1 4 1 0 0 0 0
79 10 0 0 1 1 0 1 0 0
85 2 1 1 0 0 0 0 0 0
87 5 1 1 2 0 0 0 0 0
95 17 0 0 7 2 0 3 0 0
101 6401 2 1 1920 0 0 1280 0 0
102 614400 0 0 0 0 0 0 0 0
103 921600 1 1 0 0 0 0 0 0
104 614400 0 0 0 0 0 0 0 0
109 307200 0 0 0 0 0 307200 4801 4801
111 921600 0 0 0 0 0 0 0 0
112 614400 0 0 0 0 0 0 0 0
117 307200 0 0 0 0 0 307200 4801 4801
119 614400 0 0 0 0 0 0 0 0
120 614400 0 0 0 0 0 0 0 0
125 307200 0 0 0 0 0 307200 4801 4801
144 2 0 0 0 0 0 0 0 0
148 1924 1 1 1281 1 1 0 0 0
149 2 0 0 0 0 0 0 0 0
160 3 0 0 9 1 1 0 0 0
166 1 1 1 1 1 1 0 0 0
fn=csc_now_ns
10 3 0 0 0 0 0 0 0 0
13 12 0 0 0 0 0 0 0 0
16 27 0 0 9 0 0 0 0 0
17 6 0 0 6 0 0 0 0 0
fn=csc_parse_args
416 3 0 0 1 0 0 0 0 0
418 3 0 0 0 0 0 1 0 0
420 14 1 1 6 1 1 6 1 1
424 2 0 0 1 0 0 1 1 1
427 21 0 0 0 0 0 1 0 0
428 61 1 1 14 4 1 0 0 0
430 1 0 0 0 0 0 0 0 0
432 22 0 0 1 1 1 0 0 0
433 3 0 0 0 0 0 0 0 0
437 2 0 0 0 0 0 1 0 0
438 2 0 0 0 0 0 0 0 0
444 20 1 1 5 0 0 1 0 0
445 3 0 0 0 0 0 0 0 0
449 3 0 0 1 0 0 1 0 0
450 1 0 0 0 0 0 0 0 0
452 15 0 0 3 0 0 0 0 0
453 3 0 0 0 0 0 0 0 0
457 3 0 0 1 0 0 1 0 0
458 1 0 0 0 0 0 0 0 0
460 6 0 0 2 0 0 0 0 0
464 4 0 0 2 0 0 0 0 0
465 2 1 1 0 0 0 1 0 0
466 3 0 0 1 0 0 0 0 0
467 1 0 0 0 0 0 1 0 0
472 8 1 1 2 0 0 2 0 0
476 2 0 0 9 0 0 0 0 0
fn=csc_print_usage
416 1 1 1 0 0 0 9 1 1
fn=csc_print_wall_metrics
354 3 0 0 0 0 0 0 0 0
355 4 0 0 2 1 1 0 0 0
356 4 0 0 2 0 0 0 0 0
357 3 0 0 1 0 0 0 0 0
358 4 0 0 2 0 0 0 0 0
359 7 1 1 1 1 0 1 0 0
363 4 0 0 2 0 0 0 0 0
364 4 0 0 3 0 0 0 0 0
365 4 1 0 3 0 0 0 0 0
366 4 1 0 3 0 0 0 0 0
367 4 2 0 3 0 0 0 0 0
368 6 1 0 5 0 0 2 0 0
370 5 1 0 4 0 0 0 0 0
372 2 0 0 3 0 0 0 0 0
376 1 1 1 0 0 0 4 0 0
fn=csc_report_wall_metrics
376 2 0 0 0 0 0 0 0 0
377 1 0 0 0 0 0 0 0 0
379 6 1 0 2 1 1 0 0 0
380 0 0 0 0 0 0 0 0 0
381 4 1 0 1 0 0 0 0 0
382 1 0 0 0 0 0 0 0 0
390 1 0 0 4 0 0 0 0 0
fn=csc_restore_rgb
198 10 0 0 2 2 2 0 0 0
199 14 1 0 4 4 4 2 0 0
200 14 0 0 4 4 4 2 0 0
201 14 0 0 4 4 4 2 0 0
202 4 0 0 8 0 0 0 0 0
209 1 1 1 0 0 0 9 0 0
fn=csc_snapshot_rgb
189 5 0 0 1 1 1 0 0 0
190 6 0 0 2 1 1 1 0 0
191 7 1 0 2 2 2 1 0 0
192 7 0 0 2 2 2 1 0 0
193 2 0 0 4 0 0 0 0 0
198 2 0 0 0 0 0 8 0 0
fn=csc_write_ppm
162 1284 0 0 1 0 0 10 0 0
166 2 0 0 0 0 0 0 0 0
167 2 0 0 0 0 0 0 0 0
172 6 1 1 1 0 0 0 0 0
174 3211 0 0 6 1 1 0 0 0
175 615040 0 0 0 0 0 0 0 0
176 921600 0 0 307200 4800 4800 0 0 0
177 921600 0 0 307200 4800 4800 0 0 0
178 921600 1 1 307200 4801 4801 0 0 0
182 2 0 0 0 0 0 0 0 0
183 1 0 0 0 0 0 0 0 0
184 1 0 0 10 1 1 0 0 0
189 1 1 1 0 0 0 4 0 0
fl=/root/SENG440RGB-YCC/src/full_conversion/CSC_main.c
fn=???
11 1 1 1 0 0 0 9 0 0
fn=main
11 3 0 0 0 0 0 0 0 0
18 3 1 1 0 0 0 1 1 1
19 3 0 0 0 0 0 2 0 0
20 3 0 0 0 0 0 1 0 0
21 2 1 1 0 0 0 1 1 1
22 3 0 0 0 0 0 2 0 0
24 5 0 0 0 0 0 0 0 0
26 0 0 0 0 0 0 0 0 0
28 3 0 0 1 0 0 0 0 0
33 4 1 1 1 0 0 0 0 0
37 11 1 1 0 0 0 2 1 1
40 4 0 0 0 0 0 0 0 0
41 1 0 0 0 0 0 0 0 0
42 1 0 0 0 0 0 0 0 0
45 8 0 0 3 2 2 0 0 0
49 3 0 0 2 0 0 0 0 0
51 3 0 0 0 0 0 1 1 1
52 1 0 0 0 0 0 0 0 0
53 3 0 0 0 0 0 0 0 0
54 1 0 0 0 0 0 0 0 0
55 1 0 0 0 0 0 0 0 0
58 2 0 0 0 0 0 0 0 0
59 6 1 1 1 1 1 0 0 0
60 4 0 0 1 0 0 1 0 0
61 6 0 0 2 0 0 2 0 0
66 6 1 1 2 0 0 1 0 0
68 4 0 0 1 0 0 0 0 0
72 16 0 0 6 2 2 6 0 0
75 5 2 1 0 0 0 0 0 0
76 4 1 1 9 1 1 0 0 0
fl=/usr/include/stdlib.h
fn=csc_parse_args
483 4 0 0 1 0 0 0 0 0
fl=/usr/lib/gcc/arm-linux-gnueabihf/14/include/arm_neon.h
fn=CSC_RGB_to_YCC
4547 345600 2 2 153600 0 0 0 0 0
7614 384000 1 1 0 0 0 153600 0 0
7719 268800 1 1 38400 0 0 0 0 0
8608 1728000 1 1 153600 0 0 268800 0 0
8720 1689608 4 4 384004 0 0 384002 1 1
10554 614400 1 1 345600 41440 28804 38400 0 0
11921 192000 0 0 38400 0 0 76800 13862 9602
fn=CSC_YCC_to_RGB
1938 384000 0 0 0 0 0 0 0 0
4526 537600 0 0 153600 0 0 0 0 0
7189 384000 0 0 0 0 0 0 0 0
7642 460800 0 0 0 0 0 0 0 0
7677 230400 0 0 0 0 0 0 0 0
7705 460800 0 0 0 0 0 0 0 0
7719 230400 0 0 0 0 0 0 0 0
8594 2534410 3 3 153600 0 0 153600 0 0
8706 844806 2 2 0 0 0 153600 0 0
10554 460800 0 0 230400 30900 28557 0 0 0
11921 921600 2 2 230400 0 0 460800 35106 28806
fl=???
fn=???
0 5530271 39 29 1843441 45 30 33 0 0
fn=____GI_memset_from_thumb
0 2 0 0 1 1 0 0 0 0
fn=____setcontext_from_thumb
0 1 1 1 0 0 0 0 0 0
fn=__adddf3
0 124 5 5 12 0 0 0 0 0
fn=__aeabi_l2d
0 21 1 1 0 0 0 3 0 0
fn=__aeabi_uidivmod
0 1519 2 2 651 0 0 651 6 5
fn=__aeabi_ul2d
0 16 1 1 0 0 0 9 0 0
fn=__get_errname
0 118 1 1 0 0 0 0 0 0
fn=__memcpy_from_thumb
0 6 0 0 3 0 0 0 0 0
fn=__udivsi3
0 16721 27 25 0 0 0 0 0 0
fn=_dl_help
0 1 1 1 1 1 1 0 0 0
fn=_dl_mcount_wrapper@GLIBC_2.4
0 99 2 2 0 0 0 0 0 0
summary: 80613770 1555 1319 23539990 620742 151201 15220917 137262 122393
